成都,成华奥园广场,/loupan/p_chaygceqaausi/,跳蹬河南路18号,4居/3居,建面 95~120m²,在售,普通住宅,13800,
成都,融创观玺台,/loupan/p_rcgxtaauaw/,西货站路207号,4居,建面 136~153m²,在售,普通住宅,15800,
成都,雅居乐十里花巷,/loupan/p_yjyslhxaaeds/,麓山大道2段19号,4居/3居,建面 101~143m²,在售,普通住宅,7500,
成都,蓝润光华春天,/loupan/p_lrghctaactq/,花都大道与凤凰北大街交界处（光华新城地铁4号线凤凰大道站）,3居/2居,建面 72~116m²,在售,普通住宅,6060,
成都,百悦城142,/loupan/p_bycsqaaxfr/,大面街道办事处新建路118号,3居/2居,建面 73~95m²,在售,普通住宅,7500,
成都,融创长滩壹号,/loupan/p_cnyjaaqdj/,西航港街道川大西路二段1号,6居/5居/4居,建面 203~643m²,在售,别墅,,375
成都,海伦春天,/loupan/p_hlctaapyl/,牧华路三段1789号,5居/4居/3居,建面 132~163m²,在售,普通住宅,12000,
成都,东骏湖景湾,/loupan/p_djhjwaabog/,马超东路555号,3居/2居,建面 99~142m²,在售,普通住宅,8148,
成都,中铁瑞景汇中心,/loupan/p_ztrjhzxaalow/,五块石玉居庵东路116号（红旗连锁旁）,3居/2居,建面 70~86m²,在售,普通住宅,9225,
成都,九龙仓擎天半岛,/loupan/p_jlcqtbdaaccv/,东大街锦东路（牛市口派出所旁）,4居/3居,建面 240~280m²,在售,普通住宅,16000,
成都,阿玛尼艺术公寓,/loupan/p_amnysgyaaptu/,顺江路335号（望江公园和川大旁）,4居/3居/2居/1居,建面 61~192m²,在售,普通住宅,43000,
成都,国一梦巢,/loupan/p_gymcaakps/,光华大道光华南二路238号（树德中学旁）,,,在售,普通住宅,11000,
成都,润扬观澜鹭岛,/loupan/p_ryglldaaeed/,新都绕城与育英路交汇处（中国成都五龙山公园旁）,4居/3居,建面 86~126m²,在售,普通住宅,7500,
成都,ICC凯旋门,/loupan/p_ikxmaasbc/,东大路328号,,,在售,普通住宅,15500,
成都,龙都国际,/loupan/p_ldgjaabvd/,龙都北路399号（大自然往阳光城方向前行200米）,4居/3居,建面 109~135m²,在售,普通住宅,4750,
成都,金山御景蓝湾,/loupan/p_jsyjlwaasuz/,阳光大道89号,3居/2居,建面 89~132m²,在售,普通住宅,4550,
成都,中海新华府,/loupan/p_zhxhfaaquk/,新华公园旁小龙桥路30号,3居/2居,建面 67~96m²,在售,普通住宅,13952,
成都,隆鑫印象东方,/loupan/p_lxxdfaarsd/,东三环凯德广场魅力城店向东500米,4居/3居,建面 96~127m²,在售,普通住宅,12312,
成都,佳年华广场,/loupan/p_jnhgcaatma/,峨眉山路369号,1居,建面 33m²,在售,普通住宅,11800,
成都,时代锦绣,/loupan/p_sdjxaaehj/,武侯大道文昌段与新机场路的交汇处（中天物流园旁）,4居/3居,建面 83~110m²,在售,普通住宅,8200,
成都,福泉中心,/loupan/p_fqzxaapxr/,鲸龙路（航天医院对面）,,,在售,商业类,5000,
成都,美洲花园棕榈湾,/loupan/p_mzhyzlwaakst/,南三环路南五段188号（蓝天立交桥旁边）,4居/3居/2居,建面 50~123m²,在售,普通住宅,11050,
成都,云翔金座,/loupan/p_yxjzaaqer/,府青路二段7号,4居/2居,建面 85~134m²,在售,普通住宅,11000,
成都,天悦国际,/loupan/p_tygjaaehi/,龙都北路533号（市民乒乓球公园对面）,4居/3居/2居,建面 67~128m²,在售,普通住宅,5200,
成都,林溪康城,/loupan/p_lxkcaalhw/,阳光城幸福大道,5居/4居/3居/2居,建面 61~159m²,在售,普通住宅,4350,
成都,蜀镇,/loupan/p_szaaqsa/,草金路（永康森林公园旁、江安河畔）,3居/2居,建面 69~115m²,在售,普通住宅,6100,
成都,棠湖泊林城,/loupan/p_thblcaaehc/,华府大道三段（双华路与迎宾大道交汇处）,6居/5居,建面 220~240m²,在售,别墅,,330
成都,海亮彩悦府,/loupan/p_hlcyfaacve/,驿都大道北海亮彩悦府,3居,建面 80~95m²,在售,普通住宅,8000,
成都,天府逸家,/loupan/p_tfyjaaarn/,三圣乡成龙大道二段北大附小正对门（川师成龙校区旁）,3居/2居,建面 66~91m²,在售,普通住宅,6500,
成都,海亮樾金沙,/loupan/p_hlyjsaaeju/,西三环蜀鑫路与清波路交汇处（华润金悦湾对面）,3居/2居,建面 66~87m²,在售,普通住宅,15000,
成都,海洋中心莱普敦公馆,/loupan/p_hyzxlpdggaatvj/,萃华路418号,,,在售,商业类,15500,
成都,荣盛香榭兰庭,/loupan/p_rsxxltaachq/,成华区锦绣大道段大渡河路交汇处,3居/2居,建面 68~75m²,在售,普通住宅,9000,
成都,雅居乐富春山居,/loupan/p_yjlfcsjaascy/,万安镇麓山大道二段19号,5居/4居,建面 266~666m²,在售,普通住宅,11000,
成都,天祥尚府,/loupan/p_txsfaadwh/,二环路西一段155号（仁和春天对面）,4居,建面 226m²,在售,普通住宅,16339,
成都,天誉花园,/loupan/p_hqhtyaatks/,东二环汇源北路99号,1居,建面 43~56m²,在售,商业类,11500,
成都,远雄风华园,/loupan/p_yxfhyaaaso/,肖家河沿街6号,4居,建面 178m²,在售,普通住宅,23000,
成都,昂世半山观邸,/loupan/p_asbsgdaalec/,同安街道办事处阳光大道8号(博瑞花园酒店对面),3居,建面 104~174m²,在售,普通住宅,9500,
成都,创意山,/loupan/p_cysaacnh/,锦江大道388号（锦江区百日红西路与锦江大道交汇处）,2居/1居,建面 30~77m²,在售,商业类,7250,
成都,泛悦城市广场,/loupan/p_fycsgcaapwq/,2.5环内昭觉寺横路（中国电信旁）,3居/2居,建面 67~113m²,在售,普通住宅,14697,
成都,朗基御今缘,/loupan/p_ljyjyaaqlx/,天府四街1999号,4居/3居,建面 95~134m²,在售,普通住宅,18000,
成都,交大归谷建设派,/loupan/p_jdggjspaaerl/,二仙桥北路3号(二仙桥北路与二仙桥北二路交叉路口西南50米处）,1居,建面 50m²,在售,普通住宅,10100,
成都,中环丰锦,/loupan/p_zhfjaakke/,丽都路700号（置信丽都花园丽府对面）,3居,建面 155~205m²,在售,普通住宅,17500,
成都,邦泰华府公馆,/loupan/p_bthfggaabpz/,双华路三段(四川现代职业技术学院对面),3居,建面 78m²,在售,普通住宅,7430,
成都,成龙1号,/loupan/p_cl1haaxeg/,阳光城阳光大道2号,5居/4居,建面 409~502m²,在售,别墅,,500
成都,德商华府天骄,/loupan/p_dshftjaaejh/,公兴镇藕塘村5组,5居/3居,建面 66~88m²,在售,普通住宅,12761,
成都,首创娇子1号,/loupan/p_scjzaapwu/,南三环娇子立交外侧,3居,建面 75~95m²,在售,普通住宅,10500,
成都,金科东方雅郡,/loupan/p_jkdfyjkpaafjh/,成龙大道车城西三路,3居/2居,建面 67~78m²,在售,普通住宅,6500,
成都,北大资源颐和翡翠府,/loupan/p_bdzyyhfcfaarjo/,红星路南延线与应龙路交叉口,5居/4居/3居,建面 115~151m²,在售,普通住宅,16500,
成都,世茂城,/loupan/p_smcaaiap/,龙泉驿天鹅西湖南路6号（成龙大道和天鹅西湖南路交汇处）,2居/1居,建面 49~88m²,在售,普通住宅,6500,
成都,中国铁建北湖国际城二期,/loupan/p_zgtjbhgjceqaaxek/,湖景四路2号,3居,建面 83~93m²,在售,普通住宅,9600,
成都,蓝光圣菲悦城,/loupan/p_lgsfycaahuv/,大件路与黄河中路二段交汇处（川大江安校区学生东园旁）,3居/2居,建面 64~83m²,在售,普通住宅,7500,
成都,麦田国际社区,/loupan/p_mtgjsqaampd/,工业大道393号,3居/2居/1居,建面 63~110m²,在售,普通住宅,4400,
成都,ICC天曜,/loupan/p_icctyaacfk/,二环路外沙河畔（地铁2号线东大路站）,,,在售,普通住宅,20000,
成都,华宇广场,/loupan/p_hygcaawok/,东大路与静康路交汇处,,,在售,商业类,11000,
成都,东韵雅园,/loupan/p_dyyyaawvh/,西河镇成洛大道（成洛路西南食品城旁）,3居/2居,建面 79~106m²,在售,普通住宅,4800,
成都,中伟花桥雅苑,/loupan/p_zwhqyyaaxpw/,花桥龚巷村一组,3居/2居,建面 73~104m²,在售,普通住宅,3880,
成都,白果林银杏广场,/loupan/p_bglyxgcaaxee/,百寿路8号,,,在售,商业类,13500,
成都,师大现代花园,/loupan/p_sdxdhyaaxgi/,大面镇龙城大道9号,2居/1居,建面 38~90m²,在售,商业类,6107,
成都,优品星座,/loupan/p_ypxzaaxkx/,东2.5环建材路段与迎晖路十字交叉路,1居,建面 35m²,在售,商业类,8950,
成都,东方华大广场,/loupan/p_dfhdgcaaxei/,北泉路177号,1居,建面 42~58m²,在售,商业类,4188,
成都,明信鹭湾,/loupan/p_mxlwaaxdk/,多宝寺南路4号,1居,建面 30~58m²,在售,商业类,8600,
成都,雅颂居二期,/loupan/p_ysjeqaaygo/,盛治街600号,,,在售,商业类,13000,
成都,银泰中心,/loupan/p_ytzxaatmh/,天府大道北段1199号（高新国际广场旁）,4居/3居,建面 286~363m²,在售,普通住宅,42500,
成都,天誉花园,/loupan/p_tyaabmk/,东二环汇源北路99号,5居/4居/3居,建面 118~281m²,在售,普通住宅,23000,
成都,华宇广场,/loupan/p_hygcaacpb/,东大路与静康路交汇处,,,在售,普通住宅,13000,
成都,成龙1号,/loupan/p_cl1haafny/,阳光城阳光大道2号,2居,建面 87m²,在售,普通住宅,5200,
成都,合能橙中心,/loupan/p_hnczxaadvp/,犀浦镇银河西街99号（地铁2号线天河路站D出口）,3居,建面 74~77m²,在售,普通住宅,7800,
成都,英祥财富领域,/loupan/p_yxcflyaaars/,益州大道北三段362号（宜家、欧尚对面）,2居,建面 80~90m²,在售,普通住宅,16500,
成都,中铁城锦南汇,/loupan/p_ztcjnhaaeif/,天府大道南段会龙大道内,4居,建面 120m²,在售,普通住宅,12000,
成都,万科城,/loupan/p_wkcaaeei/,地铁2号线百草路站（成都实验外国语学校北侧）,4居/3居/2居,建面 66~124m²,在售,普通住宅,10500,
成都,银泰中心,/loupan/p_ytzxaatmm/,天府大道北段1199号（高新国际广场旁）,2居/1居,建面 86~212m²,在售,商业类,35000,
成都,富力桃园,/loupan/p_fltyaaeit/,兴城大道777号,2居/1居,建面 83~108m²,在售,普通住宅,6451,
成都,隆鑫十里画卷,/loupan/p_lxslhjaacsm/,东升镇银河路8号（双流县图书馆旁）,3居,建面 109~134m²,在售,普通住宅,8170,
成都,吉宝凌云峰阁,/loupan/p_jblyfgaabuo/,汇泉南路333号,3居/2居,建面 100~136m²,在售,普通住宅,22500,
成都,中冶中央公园,/loupan/p_zyzygyaamyc/,西梨路一段（中铁奥维尔旁）,3居/2居,建面 62~78m²,在售,普通住宅,4800,
成都,汇景新城,/loupan/p_hjxcaalju/,新泰东路144号（石油大学大转盘旁）,4居/3居/2居,建面 68~140m²,在售,普通住宅,5000,
成都,莱茵北郡,/loupan/p_lybjaaarx/,新都蜀龙大道三河场段（保利公园198旁）,3居/2居,建面 69~107m²,在售,普通住宅,4900,
成都,华润熙悦广场,/loupan/p_hrxygcaavxz/,昭觉寺南街260号,,,在售,商业类,8000,
成都,华宇天府花城,/loupan/p_hytfhcaafmy/,西·老成灌路与南北大道交汇处...,3居/2居,建面 65~92m²,在售,普通住宅,5350,
成都,未来中心,/loupan/p_wlzxaavdy/,一环路内侧与蜀都大道交界处,,,在售,商业类,19500,
成都,中粮御嶺湾,/loupan/p_zlywaafga/,驿同安镇阳光城阳光大道138号,5居/3居,建面 365~457m²,在售,别墅,,540
成都,中国华商金融中心,/loupan/p_zghsjrzxaaxem/,金融城交子大道（天府国际金融中心旁）,2居/1居,建面 88~135m²,在售,普通住宅,30000,
成都,曙光国际,/loupan/p_sggjaaxxr/,天韵路18号,,,在售,商业类,12500,
成都,金科中心,/loupan/p_jkzxaasxs/,川陕立交旁荆翠西路,1居,建面 40m²,在售,商业类,7300,
成都,天璟荟,/loupan/p_tjhaawke/,万福一路西（成灌快铁犀浦东站旁）,3居,建面 98m²,在售,普通住宅,8000,
成都,万科第五城,/loupan/p_wkdwcaaqyf/,观庄路88号,4居/3居,建面 78~116m²,在售,普通住宅,8000,
成都,一品CG,/loupan/p_ypcaathx/,天府南华路与天府三街交汇处（高新青年公寓对面）,,,在售,商业类,8600,
成都,英祥财富领域,/loupan/p_yxcflyaatea/,益州大道北三段362号（宜家、欧尚对面）,,,在售,商业类,13500,
成都,融创Nano公馆,/loupan/p_rcnggaavkk/,益州大道和天府五街交汇处,2居/1居,建面 38~75m²,在售,普通住宅,15000,
成都,金座威尼谷,/loupan/p_jzwngaabue/,正通路(社保局对面),5居/3居/2居,建面 77~138m²,在售,普通住宅,6800,
成都,朗基少帅府,/loupan/p_ljssfaauqc/,犀浦镇万福新街45号,4居/3居,建面 74~98m²,在售,普通住宅,8175,
成都,新城吾悦广场,/loupan/p_xcwygcaanqk/,地铁二号线书房站（龙工北路）,4居/3居,建面 81~108m²,在售,普通住宅,6700,
成都,俊发星雅俊园,/loupan/p_jfxyjyaaves/,成龙大道与银杏大道交汇处（三圣乡旁）,,,在售,商业类,7500,
成都,一里阳光,/loupan/p_ylygaaesm/,望从东路308号,4居/3居/2居/1居,建面 66~118m²,在售,普通住宅,5000,
成都,金恒德时代金悦,/loupan/p_jhdsdjyaaelm/,政通东路369号（温泉大道与花土路交汇处）,3居/2居,建面 80~123m²,在售,普通住宅,6200,
成都,中铁西郡英华三期,/loupan/p_aamsi/,红光镇港通北一路567号,2居,建面 64m²,在售,普通住宅,5500,
成都,信和御龙山一期,/loupan/p_xhylskaafen/,迎晖路6号,3居/2居,建面 83~89m²,在售,普通住宅,11500,
成都,西锦国际,/loupan/p_xjgjaakpz/,花牌坊街199号,3居/1居,建面 42~86m²,在售,普通住宅,15600,
成都,蓝光金悦金沙,/loupan/p_lgjyjsaahzi/,羊犀立交外侧（青房尙瑞天韵旁）,3居/2居,建面 68~108m²,在售,普通住宅,11500,
成都,中海熙苑,/loupan/p_zhxyaarwp/,双楠果堰街,4居/3居,建面 118~135m²,在售,普通住宅,14741,
成都,金地天府城,/loupan/p_jdtfcaaasn/,天府大道南段海昌北路109号（极地海洋世界北侧）,3居,建面 88~119m²,在售,普通住宅,14001,
成都,乐天圣苑,/loupan/p_ytsyaacpg/,通源街588号,4居/3居/2居,建面 76~136m²,在售,普通住宅,20000,
成都,招商大魔方,/loupan/p_zsdmfaaptz/,锦城大道与天府大道交汇处（锦江旁）,5居,建面 251~307m²,在售,普通住宅,23000,
成都,润富国际花园,/loupan/p_rfgjhyaavcg/,交子大道998号,,,在售,商业类,14750,
成都,半山艾马仕,/loupan/p_bsamsaaksf/,麓山大道381号(麓山大道入口处左侧),8居/7居/6居/5居/4居,建面 240~1004m²,在售,别墅,,555
成都,佳年华新生活,/loupan/p_jnhxshkaafcl/,光华大道三段清泉北街江安路,3居/2居,建面 65~111m²,在售,普通住宅,6500,
成都,红树湾,/loupan/p_hswaacow/,中和大道二段69号,,,在售,普通住宅,13700,
成都,西派城,/loupan/p_xpcaaupw/,簇锦街办铁佛村3、8组(武侯大道铁佛段与金履路交汇处),,,在售,普通住宅,15000,
成都,海骏达蜀都1号三期,/loupan/p_hjdsdsqaasfq/,蜀都新城 创智公园南四路100号（创智公园正对面）,3居/2居,建面 81~122m²,在售,普通住宅,5500,
成都,龙城国际,/loupan/p_lcgjaackj/,老成灌路洪高路88号,3居/2居,建面 74~98m²,在售,普通住宅,6200,
成都,蓝光金悦城,/loupan/p_lgjyckaaetr/,成双大道福锦路二段（簇桥工商所旁）,3居/2居,建面 73~118m²,在售,普通住宅,14200,
成都,第五城华润公园九里,/loupan/p_dwchrgyjlaatrl/,九江镇万家街道（星空路与香榭大道交汇处）,,,在售,普通住宅,5700,
成都,优派立方,/loupan/p_yplfaabfh/,郫县红光镇港大路39号（距离郫县华西分院一个站）,3居/2居,建面 66~89m²,在售,普通住宅,4900,
成都,鼎犀名城,/loupan/p_dxmcaaejy/,国宁东路666号(成都外国语学校旁),4居/3居/2居,建面 54~97m²,在售,普通住宅,7800,
成都,誉峰,/loupan/p_yfaatwf/,万象南路360号,,,在售,商业类,13750,
成都,华侨城原岸,/loupan/p_aaelf/,三环路成彭立交桥外侧（欢乐谷旁）,3居/2居,建面 81~115m²,在售,普通住宅,9800,
成都,华固一品,/loupan/p_hgypaakjr/,水杉街369号(蓝谷地成都三中对面),3居,建面 81~87m²,在售,普通住宅,10500,
成都,同森锦熙,/loupan/p_tsjxaarwl/,广场路（技师学院对面）,4居/3居,建面 76~104m²,在售,普通住宅,5000,
成都,万辰乐居,/loupan/p_wcljaaxfz/,花源镇花源大道290号,6居/5居/4居/3居/2居/1居,建面 44~218m²,在售,普通住宅,5000,
成都,华都云景台,/loupan/p_hdyjtaauqb/,杉板桥南五路199号（蓝光东方天地旁）,3居,建面 79~95m²,在售,普通住宅,10810,
成都,东原城,/loupan/p_dycaadxr/,金马国际体育城太极大道66号（体育城附近）,3居/2居,建面 71~89m²,在售,普通住宅,5500,
成都,恒大中央广场,/loupan/p_hdzygcaacwb/,东二环新鸿路口,4居/3居/2居,建面 68~146m²,在售,普通住宅,13500,
成都,蓝光雍锦阁,/loupan/p_lgyjgaaqcp/,建功路66号（荣新加油站东南方900米）,3居,建面 127~143m²,在售,普通住宅,17500,
成都,三利麓山城3期,/loupan/p_sllscaaunk/,人民南路南延线麓山大道（成都实验外国语旁）,3居,建面 110m²,在售,普通住宅,7000,
成都,棠府锦绣城,/loupan/p_tfjxcaarws/,双流东升街道航园路（棠湖中学实验学校旁）,3居,建面 80~87m²,在售,普通住宅,7900,
成都,蓝光公园悦府,/loupan/p_lggyyfaarxn/,犀浦镇万福村六社,4居,建面 118~131m²,在售,普通住宅,9850,
成都,雅居乐十里花巷,/loupan/p_undefinedaascq/,麓山大道2段19号,6居/5居,建面 313~353m²,在售,别墅,,320
成都,紫檀,/loupan/p_ztaaunp/,桐凤路39号,5居/4居/3居,建面 155~217m²,在售,普通住宅,19000,
成都,北京街,/loupan/p_cdbjjaaufe/,华阳街道府河路与南湖路交汇处,,,在售,商业类,7000,
成都,南棠蜜地,/loupan/p_ntmdaamsp/,红牌楼佳灵路6号,3居/2居/1居,建面 32~94m²,在售,普通住宅,13000,
成都,新景鼎南川宇,/loupan/p_xjdncyaarwo/,中和中柏大道（格林君典旁）,3居,建面 74~91m²,在售,普通住宅,11500,
成都,明信仕林府,/loupan/p_mxcslfaaljm/,温江海科路99号（成都师范学院旁）,3居/2居,建面 70~110m²,在售,普通住宅,5450,
成都,华宇西城雅郡,/loupan/p_hyxcyjaacuo/,金泉街道高家社区2组（金科路小学旁）,3居/2居,建面 71~77m²,在售,普通住宅,9000,
成都,首创花与城,/loupan/p_scghcaatzt/,成华区荆竹东路与东荆路交汇处,4居/3居/2居,建面 63~96m²,在售,普通住宅,9500,
成都,公园1号,/loupan/p_gyaaljs/,红光镇幸福路北一段（思源学校对面）,3居,建面 97m²,在售,普通住宅,6000,
成都,龙腾东麓城,/loupan/p_ltdlcaabdd/,龙华大道256号,3居,建面 75~101m²,在售,普通住宅,4750,
成都,温资金港华府,/loupan/p_zjghfaatjq/,西航港锦华路二段,,,在售,普通住宅,6500,
成都,保利紫薇花语,/loupan/p_blzwhyaacua/,大面街道车城西三路以西、经开区南一路以南(川师成龙校区旁）,3居,建面 80m²,在售,普通住宅,6500,
成都,威兰德小镇,/loupan/p_wldxzaaflk/,双楠大道与白河路交汇处（双流新党校旁）,3居/2居,建面 65~79m²,在售,普通住宅,5400,
成都,华润国际社区,/loupan/p_hrgjsqaaeid/,成龙大道二段与金枫路交汇处（川师成龙校区西侧）,4居/3居,建面 78~94m²,在售,普通住宅,6500,
成都,量力健康城,/loupan/p_lljkcaactl/,金丰路116号,2居,建面 69~76m²,在售,普通住宅,8300,
成都,汇厦沙河锦庭二期,/loupan/p_hsshjteqaasbd/,杉板桥南三路58号,3居/2居,建面 67~103m²,在售,普通住宅,11000,
成都,世豪嘉柏,/loupan/p_shjbaasnc/,武科东二路90号,,,在售,商业类,6500,
成都,领地锦巷蘭台,/loupan/p_ldjxltaatqx/,犀浦镇金粮路,,,在售,别墅,,250
成都,合能枫丹铂麓,/loupan/p_hnfdblaaquj/,沈阳路（万安体育公园前行500米）,,,在售,普通住宅,,146
成都,旺府凯旋门,/loupan/p_wfkxmaabuu/,龙泉驿区龙工南路777号,2居,建面 70~82m²,在售,普通住宅,5400,
成都,华府幸福城,/loupan/p_hfxfcaauqi/,阳光城幸福大道333号,3居/2居,建面 74~101m²,在售,普通住宅,4000,
成都,花样年龙年国际中心,/loupan/p_hynlngjzxaacqr/,郫花路299号（郫花路与关柏路交汇处）,3居/2居/1居,建面 40~101m²,在售,普通住宅,4900,
成都,武海新街坊,/loupan/p_whxjfaaubr/,大悦路500号（武侯大道与大悦路的交汇处）,2居/1居,建面 35~69m²,在售,普通住宅,13000,
成都,优品道珑苑,/loupan/p_ypdlyaasbn/,新成彭路大天路出口左侧（博雅新城旁）,5居/3居,建面 73~100m²,在售,普通住宅,6800,
成都,招商依云上城,/loupan/p_zsyyscaacqt/,龙泉驿区西河镇成洛大道(西南食品城旁),3居/2居,建面 67~82m²,在售,普通住宅,4900,
成都,香澜半岛,/loupan/p_xlbdaaeba/,赤虎桥南街1号（华宇阳光水岸旁）,3居/2居,建面 83~111m²,在售,普通住宅,11000,
成都,金座蓉城胜景,/loupan/p_rcsjaalvh/,东升镇三强南路一段（双流大市场斜对面）,2居,建面 91m²,在售,普通住宅,5800,
成都,家益凤凰富居,/loupan/p_jyfhfjaaurb/,大丰街道甫家一路289号,3居/2居,建面 77~113m²,在售,普通住宅,6400,
成都,蓉垚北尚城,/loupan/p_rybscaakuj/,龙桥渭水社区老成彭路,3居/2居,建面 64~109m²,在售,普通住宅,4600,
成都,西岸翠景,/loupan/p_xacjaawpc/,犀浦万福路96号,3居/2居/1居,建面 50~122m²,在售,普通住宅,6998,
成都,蜀鑫西TOWN,/loupan/p_sxxtaawpd/,国宁东路499号,4居/3居/2居,建面 64~112m²,在售,普通住宅,6300,
成都,COSMO天廊,/loupan/p_ctlaawvf/,上沙河铺街66号（地铁2号线塔子山公园站旁）,3居/2居/1居,建面 42~108m²,在售,普通住宅,18400,
成都,东立国际花城,/loupan/p_dlgjhcaacjw/,航都大街四段60号（双流欧尚店旁）,2居/1居,建面 52~92m²,在售,普通住宅,5998,
成都,华润二十四城七期,/loupan/p_hresscqqaasby/,二环路东三段双庆路6号,3居,建面 94~140m²,在售,普通住宅,14000,
成都,麓岭汇,/loupan/p_llhaakss/,麓山大道二段,5居/4居,建面 188~216m²,在售,普通住宅,18000,
成都,蓝光花满庭三期,/loupan/p_lghmtsqaaqtz/,太平碑路100号,3居/2居,建面 61~95m²,在售,普通住宅,5800,
成都,碧桂园城市花园,/loupan/p_bgycshyaalzh/,中铁产业园旁（九道堰北站附近）,4居/3居/2居,建面 74~141m²,在售,普通住宅,7400,
成都,金科双楠天都,/loupan/p_jksntdaasfv/,广福路99号（高架桥红牌路西站旁边）,1居,建面 45~56m²,在售,商业类,10000,
成都,格林城,/loupan/p_glcaaeep/,长顺大道一段（长顺家园旁）,,,在售,普通住宅,10500,
成都,泰博理想城,/loupan/p_tblxcaakme/,成华东中环二仙桥北一路,3居,建面 69~79m²,在售,普通住宅,9400,
成都,人居紫云庭,/loupan/p_zytaalyi/,航空西路（国际网球赛事中心旁）,4居/3居,建面 185~483m²,在售,别墅,,270
成都,营盛双子座,/loupan/p_ysszzaarxj/,红牌楼北街东侧与二环路交汇处（近丽都花园）,,,在售,普通住宅,12249,
成都,云立方,/loupan/p_ylfaalep/,成龙大道与龙城大道交汇处云立方,3居/2居,建面 76~121m²,在售,普通住宅,6300,
成都,蓝光金悦府,/loupan/p_lgjyfkpaaesr/,青龙场致强路266号（熊猫大道北富森旁）,4居/3居,建面 88~123m²,在售,普通住宅,9873,
成都,锦汇城,/loupan/p_jhcaaljp/,科锦路355号（川农大旁）,3居/2居,建面 76~114m²,在售,普通住宅,4300,
成都,SG珊顿道,/loupan/p_sgsddaaclh/,正府街77号（中国银行大厦背后）,,,在售,普通住宅,13000,
成都,润扬双铁广场,/loupan/p_rystgcaabbo/,天府路88号,3居,建面 48~91m²,在售,普通住宅,8300,
成都,财富中央城,/loupan/p_cfzycaalvi/,天府花城968号（国色天乡乐园向东300米）,3居/2居,建面 80~94m²,在售,普通住宅,4300,
成都,天府美岸,/loupan/p_tfmaaakxl/,南湖风景区南岸河滨路中段（二江寺水文化主题游园旁）,4居/3居,建面 89~131m²,在售,普通住宅,12500,
成都,湟普国际,/loupan/p_hpgjaafmi/,温江区光华大道三段399号,1居,建面 53m²,在售,普通住宅,8718,
成都,滨江和城,/loupan/p_bjhcaaqyh/,麓山大道二段（成都实验外国语西区旁）,,,在售,普通住宅,7100,
成都,洲际亚洲湾,/loupan/p_zjyzwaacqm/,光华大道三段江浦路288号,3居/2居/1居,建面 49~125m²,在售,普通住宅,6200,
成都,瑞升橄榄山,/loupan/p_rsglsaaegz/,胜利镇燕杨路2号（维也纳森林别墅旁）,6居/5居,建面 290~369m²,在售,别墅,,230
成都,金辉悦府,/loupan/p_jhyfaaubq/,百草路7号,,,在售,商业类,6500,
成都,东方希望天祥广场,/loupan/p_dfxwtxgcaawhp/,天府大道中段500号,,,在售,普通住宅,15000,
成都,博客小镇,/loupan/p_bkxzaaqsv/,三峨街999号,3居/2居,建面 77~90m²,在售,普通住宅,4127,
成都,锦城一品大厦,/loupan/p_jcypdsaaupy/,三官堂街与龙舟路交汇处,,,在售,商业类,38000,
成都,新鸿基悦城,/loupan/p_xhjycaavie/,天府大道南段海昌南路99号,4居,建面 149~202m²,在售,普通住宅,15000,
成都,蓝光T5公寓,/loupan/p_lgtyaaxdj/,西航港街道黄河中路二段388号,,,在售,商业类,7000,
成都,金穗苑,/loupan/p_jsyaaunc/,新华大道二段（金马国际体育城旁）,3居,建面 155~173m²,在售,普通住宅,5200,
成都,金马湖壹号,/loupan/p_jmhyhaaego/,金马国际体育城（金马湖畔）,3居,建面 228~286m²,在售,别墅,,180
成都,蓝光雍锦园,/loupan/p_lgyjyaaxdi/,清源二路126号,6居/5居/4居,建面 150~547m²,在售,别墅,27000,
成都,泰合国际财富中心,/loupan/p_thgjcfzxaaehu/,东大街(地铁2号线牛市口站A出口、二环BRT牛市口站),3居/2居,建面 69~104m²,在售,普通住宅,10000,
成都,中粮祥云一期,/loupan/p_undefinedaauhv/,武侯大道与大悦路交汇处,7居,建面 483m²,在售,别墅,,400
成都,蜀风花园城,/loupan/p_sfhycaathv/,金沙遗址路8号,6居,建面 496~499m²,在售,普通住宅,10500,
成都,昆仑华庭,/loupan/p_klhtaaxfi/,前卫街12号,3居/2居/1居,建面 49~108m²,在售,商业类,24000,
成都,世茂云湖,/loupan/p_smyhaaibk/,三岔镇三岔湖,4居/2居,建面 97~168m²,在售,普通住宅,12000,
成都,嘉裕第六洲,/loupan/p_jydlzaavbo/,羊马镇崇阳大道2199号(金马湖大桥旁),,,在售,别墅,7993,
成都,百维广场,/loupan/p_bwgcaavkl/,红光镇高店路西段226号,,,在售,商业类,3999,
成都,一品雅居,/loupan/p_ypyjaaupx/,学院路东段189号,3居/2居,建面 78~121m²,在售,普通住宅,4800,
成都,凯德领邸,/loupan/p_kdldaaxkd/,成都武侯区人民南路4段3号,4居/3居/2居/1居,建面 140~530m²,在售,商业类,25000,
成都,青龙广场,/loupan/p_qlgcaawnv/,东丽街与东紫路交汇处（动物园东大门）,,,在售,商业类,5750,
成都,紫金乐章,/loupan/p_zjyzaayeb/,二环路北三段21号,,,在售,普通住宅,8700,
成都,飞大壹号广场,/loupan/p_fdyhgcaaydq/,一环路北三段100号（益友商业广场斜对面）,,,在售,商业类,10150,
成都,双楠港汇广场,/loupan/p_undefinedaayei/,武阳大道二段261号,,,在售,商业类,9600,
成都,大源欢乐颂,/loupan/p_dyhlsaawsv/,天府三街1599号（天府三街与南华路交汇处）,,,在售,普通住宅,13000,
成都,百悦城云景,/loupan/p_bycyjaayec/,大面街道天鹅西湖南路899号,,,在售,商业类,6000,
成都,优品时代三期,/loupan/p_ypsdaayev/,白衣上街177号,,,在售,商业类,6000,
成都,中粮祥云里,/loupan/p_zlxylaayfo/,西华街道侯家桥路288号（西华大道与侯家桥路交汇处）,,,在售,普通住宅,9841,
成都,三盛都会城,/loupan/p_ssdhcaaygk/,经开区龙华路东侧三盛都会城,1居,建面 42~49m²,在售,商业类,4000,
成都,合能橙中心,/loupan/p_hnczxaauzc/,犀浦镇银河西街99号（地铁2号线天河路站D出口）,,,在售,商业类,7200,
成都,路劲高家庄,/loupan/p_ljgjzaaygw/,羊西线蜀西路29号,,,在售,商业类,7000,
成都,蔚蓝卡地亚花园城,/loupan/p_wlkdyhycaaygv/,天府新区武汉路与天府大道交界处西南侧,,,在售,别墅,,1077
成都,金科星耀天都,/loupan/p_jkxytdaaxay/,成华区圣地亚家居斜对面,1居,建面 43m²,在售,商业类,8500,
成都,鹭湖宫8区,/loupan/p_lhgaaygt/,天乡路86号,,,在售,别墅,,360
成都,戛纳湾金棕榈,/loupan/p_jnwjzlaayih/,剑南大道南端（丽景雅筑旁）,,,在售,商业类,8000,
成都,万科五龙山翡翠郡,/loupan/p_wkwlsfcjaayic/,新都蜀龙大道熊猫基地旁，五龙山公园内,3居,建面 146m²,在售,普通住宅,13500,
成都,世豪金河谷,/loupan/p_aajtw/,光华大道三段涌泉镇191号,3居,建面 76~88m²,在售,普通住宅,11184,
成都,远大林语城,/loupan/p_ydlycaausj/,东升双楠大道中段远大林语城,,,在售,别墅,,318
成都,蓝光雍锦园,/loupan/p_lgyjyaaxdh/,清源二路126号,4居,建面 150~180m²,在售,普通住宅,17000,
成都,鹭湖宫8区,/loupan/p_lhgaaygs/,天乡路86号,,,在售,普通住宅,5500,
成都,金科天宸,/loupan/p_jktcaayjr/,共和路与林泉南街交汇处,,,在售,普通住宅,6500,
成都,路劲高家庄,/loupan/p_zcaabmc/,羊西线蜀西路29号,3居/2居/1居,建面 45~97m²,在售,普通住宅,8800,
成都,远大林语城,/loupan/p_ydlycaacmx/,东升双楠大道中段远大林语城,3居/2居/1居,建面 76~117m²,在售,普通住宅,6698,
成都,德商御府天骄,/loupan/p_dsyftjaateb/,华阳街道一心村二、五组，鹤林村四组,5居/4居,建面 137~152m²,在售,普通住宅,14467,
成都,领地锦巷蘭台,/loupan/p_ldjxltaatqq/,犀浦镇金粮路,4居/3居,建面 95~130m²,在售,普通住宅,9150,
成都,海伦印象,/loupan/p_hlyxaauhr/,华府大道一段(欧尚超市对面）,4居/3居/1居,建面 89~119m²,在售,普通住宅,13500,
成都,鹭湖宫8区,/loupan/p_lhgaaygs/,天乡路86号,,,在售,普通住宅,5500,
成都,戛纳湾金棕榈,/loupan/p_jnwjzlkaaffh/,剑南大道南端（丽景雅筑旁）,4居,建面 180m²,在售,普通住宅,12000,
成都,金科廊桥水乡,/loupan/p_jklqsxaahur/,花源镇1888号,,,在售,别墅,,105
成都,蜀都万达广场,/loupan/p_sdwdgcaafog/,望丛东路478号,4居/3居,建面 68~99m²,在售,普通住宅,5250,
成都,昊园江南壹品,/loupan/p_hyjnypaabst/,西河镇成洛大道（华新职业学院旁）,3居,建面 77~85m²,在售,普通住宅,5250,
成都,保利湖心岛,/loupan/p_blhxdaacui/,成金青大道西侧，三环出城3公里处,5居/4居/3居,建面 102~200m²,在售,普通住宅,7800,
成都,保利林语溪,/loupan/p_bllyxaacra/,双龙路与华盛路交汇处（龙潭水乡向北500米）,4居/3居,建面 78~108m²,在售,普通住宅,8000,
成都,富豪公馆,/loupan/p_fhggaarvj/,新都大道与兴乐路交汇处,3居/2居,建面 76~110m²,在售,普通住宅,5900,
成都,保利锦江里,/loupan/p_bljjlaasgl/,天府大道与天府五街交汇处（锦江旁）,2居/1居,建面 47~67m²,在售,商业类,11000,
成都,东山国际君度半山,/loupan/p_dsgjjdbsaapxw/,成龙大道成简快速路口,,,在售,别墅,,378
成都,保利大都汇,/loupan/p_blddhaasgm/,北星大道与大天路交汇处,4居/3居,建面 105~130m²,在售,普通住宅,6600,
成都,保利西子城,/loupan/p_blxzcaayks/,芙蓉大道三段华西分院对面,4居,建面 140m²,在售,普通住宅,6500,
成都,保利西子城,/loupan/p_blxzcaaykt/,芙蓉大道三段华西分院对面,,,在售,别墅,,315
成都,保利爱尚里,/loupan/p_blaslaarih/,北星大道与甫家二路东段交汇处,3居,建面 81~98m²,在售,普通住宅,6500,
成都,北辰朗诗南门绿郡,/loupan/p_bclsnmljaaqwp/,天府三街与康华路交汇处南侧,6居/5居,建面 150~170m²,在售,别墅,,620
成都,德商御府天骄,/loupan/p_dsyftjaatqb/,华阳街道一心村二、五组，鹤林村四组,6居,建面 189m²,在售,别墅,,460
成都,华侨城东岸二、三期,/loupan/p_hqcdaaatuj/,西华大道9号,,,在售,别墅,,750
成都,世豪金河谷,/loupan/p_shjhgaatjh/,光华大道三段涌泉镇191号,,,在售,别墅,,500
成都,黄龙溪谷,/loupan/p_hlxgaataf/,剑南大道南延线黄龙大道四段(黄龙古镇旁),5居/4居,建面 168~292m²,在售,别墅,,430
成都,建发浅水湾,/loupan/p_jfqswaalqj/,正兴镇正公路33号（城南麓山高端别墅板块）,,,在售,别墅,,700
成都,海伦印象,/loupan/p_hlyxaaxql/,华府大道一段(欧尚超市对面）,,,在售,别墅,,290
成都,万辰柳庄,/loupan/p_wclzaaxgg/,花源镇花源大道288号,5居,建面 233m²,在售,别墅,,212
成都,蔚蓝卡地亚,/loupan/p_wlkdyaalyg/,牧华路一段9号,5居,建面 900m²,在售,别墅,,700
成都,金科天宸,/loupan/p_jktcaayjs/,共和路与林泉南街交汇处,,,在售,别墅,,260
成都,万科五龙山蓝山别墅,/loupan/p_wkwlslsbsaayip/,龙秀路89号,,,在售,别墅,,261
深圳,华策中心城,/loupan/p_hczxcaavox/,龙岗.龙岗区龙城街道,4居/3居,建面 76~125m²,在售,普通住宅,42000,
深圳,汉京九榕台,/loupan/p_hjjrtaatdw/,前海自贸区小南山观山道一号（小南山半山，月亮湾山庄旁）,6居/5居/4居/3居,建面 361~504m²,在售,普通住宅,140000,
深圳,凯旋湾花园,/loupan/p_kxwhyaakku/,大鹏南澳街道盆仔湾东岸，海滨北路东侧,,,在售,别墅,80000,
深圳,龙光城,/loupan/p_lgcyqyztyxaasdl/,惠州大亚湾西区西南大道88号,,,在售,普通住宅,16000,
深圳,浅水湾,/loupan/p_qswyxaasdd/,惠州大亚湾霞涌霞景西路8号,3居/2居/1居,建面 44~87m²,在售,普通住宅,13000,
深圳,满京华喜悦里,/loupan/p_aafgh/,龙岗区深惠路与碧新路交汇处（距地铁龙岗线南联站南侧仅200米）,6居/5居/4居/3居/2居,建面 54~144m²,在售,普通住宅,45000,
深圳,英郡年华三期时光里,/loupan/p_yjnhsqsglaayfr/,龙岗区南湾街道丹竹头社区龙岗大道南面,,,在售,商业类,37000,
深圳,金沙世纪城,/loupan/p_jssjcaasdg/,广东省惠州市大亚湾中心区中兴三路6号,4居/3居,建面 79~112m²,在售,普通住宅,15000,
深圳,茂基城市华府,/loupan/p_mjcshfaatwd/,惠阳人民六路（中天彩虹城旁）,4居/3居/2居,建面 70~140m²,在售,普通住宅,13000,
深圳,中骏四季阳光三期,/loupan/p_zjsjygsqaavol/,龙岗.龙岗街道,4居/3居/2居,建面 65~105m²,在售,普通住宅,37000,
深圳,三远大爱城,/loupan/p_sydacaaupr/,大亚湾西区龙海二路3号,3居/2居/1居,建面 75~170m²,在售,普通住宅,14000,
深圳,檀悦都喜天丽度假酒店,/loupan/p_tydxtldjjdaavyq/,港口滨海旅游度假村东山海地段,,,在售,商业类,22000,
深圳,清泉城市广场,/loupan/p_qqcsgcaavzx/,惠州市惠阳区淡水金惠大道,4居/3居/2居/1居,建面 34~153m²,在售,普通住宅,16000,
深圳,金地龙城中央,/loupan/p_jdlczyaawxk/,龙岗街道龙城南路西面龙岗大道路南面,,,在售,普通住宅,43000,
深圳,夏日南庭,/loupan/p_xrntyxaasdj/,大亚湾西区龙山六路与龙海三路交汇处,,,在售,普通住宅,13000,
深圳,泰丰·千花岛,/loupan/p_tfhdaauoi/,惠州市惠城区三环南路23号,,,在售,别墅,,
深圳,碧桂园太东公园上城,/loupan/p_bgytdgyscaavyt/,惠州大亚湾西区中兴北路219号,4居/3居,建面 94~128m²,在售,普通住宅,15500,
深圳,美景印象,/loupan/p_mjyxaatvl/,惠州大亚湾西区石化大道西339号,4居/3居/2居,建面 65~108m²,在售,普通住宅,14000,
深圳,天琴湾,/loupan/p_tqwaawpr/,盐田区盐葵路天琴湾（大、小梅沙海滨度假区）,6居,建面 550m²,在售,别墅,,5000
深圳,峰荟·创智特区,/loupan/p_fhztqaaxdd/,光明新区公明办事处南环大道南侧、振发路西侧,,,在售,商业类,23000,
深圳,阳光圣菲,/loupan/p_ygsfaavzw/,惠州大亚湾西区龙海二路42号,,,在售,普通住宅,13000,
深圳,宏发世纪城二期,/loupan/p_hfsjceqaaxku/,宝安区石岩街道,4居/3居/2居/1居,建面 78~145m²,在售,普通住宅,46000,
深圳,卓越蔚蓝山,/loupan/p_zywlsaawty/,东莞市塘厦镇大坪社区居民委员会科苑城工业区,,,在售,普通住宅,26000,
深圳,德洲城六期,/loupan/p_dzclqaawoz/,惠州大亚湾西区樟树埔龙山一路61号,4居/3居/2居,建面 78~133m²,在售,普通住宅,18000,
深圳,金洋花海,/loupan/p_jyhhaawoq/,惠州大亚湾澳头新澳大道15号,4居/3居/2居/1居,建面 43~114m²,在售,普通住宅,13000,
深圳,碧桂园中萃公园,/loupan/p_bgyzcgyaawos/,惠州大亚湾澳头中兴一路1号,3居/2居,建面 116~142m²,在售,普通住宅,13000,
深圳,华盛观荟名庭,/loupan/p_hsghmtaayee/,深圳市龙华新区碧澜路与悦兴路交汇处,,,在售,普通住宅,42000,
深圳,碧桂园十里银滩,/loupan/p_bgyslytaawxh/,广东省惠州亚婆角海滨旅游区,,,在售,商业类,10000,
深圳,佳兆业城市广场三期,/loupan/p_jzycsgcaaxry/,龙岗区坂雪岗大道坂田第二街道办对面,,,在售,普通住宅,55000,
深圳,新祺园,/loupan/p_xqyaawov/,惠阳淡水北环路与人民路交汇处,4居/3居/2居,建面 69~126m²,在售,普通住宅,12500,
深圳,星城翠珑湾,/loupan/p_xcclwaawwi/,松山湖大道与新城路交汇处（城轨总站旁）,4居/3居,建面 97~170m²,在售,普通住宅,33000,
深圳,新锦安壹号公馆,/loupan/p_xjayhggaayeh/,宝安中心区N6区宝安大道和甲岸路交汇处,5居/4居,建面 250~350m²,在售,普通住宅,95000,
深圳,益田假日府邸,/loupan/p_ytjrfdaaycx/,光明新区公明街道南环大道与松白路交汇处东南侧,2居,建面 79~89m²,在售,商业类,37000,
深圳,星河智荟,/loupan/p_xhzhaaxwp/,广东省深圳市龙岗区地铁3号线永湖站A2出口(龙岗大道与横坪路交汇处东北侧),,,在售,商业类,38000,
深圳,创富豪庭,/loupan/p_cfhtaavzs/,惠州大亚湾龙海三路与龙海六路交汇处,3居/2居,建面 64~97m²,在售,普通住宅,13000,
深圳,丰泰星御墅,/loupan/p_ftxysaaxxk/,东莞市厚街镇、新围村厚大公路旁,,,在售,别墅,,400
深圳,丰泰凌峰花园,/loupan/p_ftlfhyaaxxl/,东莞市厚街镇、新围村厚大公路旁,,,在售,普通住宅,15500,
深圳,现代城熙珑墅,/loupan/p_xdcxlsaaybi/,惠州市惠阳经济开发区惠南大道与联星路交界处东南角,5居/4居/3居,建面 185~309m²,在售,别墅,,185
深圳,碧桂园南站新城,/loupan/p_bgynzxcaaydp/,惠阳淡水南站中路3号（白云六路惠阳一中实验学校对面）,3居/2居,建面 88~127m²,在售,普通住宅,13500,
深圳,班芙春天,/loupan/p_bfctaaybk/,黄江深北国际生态住区•莞深高速黄江出口,5居/3居,建面 100~177m²,在售,普通住宅,22000,
深圳,海景城,/loupan/p_hjcdtaaxgb/,惠州大亚湾澳头安惠大道2号,,,在售,商业类,14000,
深圳,御蓝湾,/loupan/p_ylwaayfc/,惠州大亚湾西区石化大道西34号,3居/2居,建面 78~108m²,在售,普通住宅,11000,
深圳,和府御堡,/loupan/p_hfybaaxzc/,惠州市大亚湾西区龙山五路320号（龙海二路和龙山五路交汇处北段）,4居/2居/1居,建面 38~113m²,在售,普通住宅,11000,
深圳,十月花花园,/loupan/p_syhhyaayfv/,中兴北路和中兴二路交接处,,,在售,普通住宅,10000,
深圳,星河传奇花园三期,/loupan/p_xhcqhysqaawon/,上塘路与民塘路交汇处,1居,建面 51~66m²,在售,商业类,60000,
深圳,金地龙城中央,/loupan/p_jdlczyaawpv/,龙岗街道龙城南路西面龙岗大道路南面,,,在售,商业类,34000,
深圳,星河智荟,/loupan/p_xhzhaaxje/,广东省深圳市龙岗区地铁3号线永湖站A2出口(龙岗大道与横坪路交汇处东北侧),4居/3居/2居/1居,建面 48~134m²,在售,普通住宅,43000,
深圳,益田假日府邸,/loupan/p_ytjrfdaaycq/,光明新区公明街道南环大道与松白路交汇处东南侧,2居,建面 79~89m²,在售,普通住宅,37000,
深圳,英郡年华三期时光里,/loupan/p_yjnhsqsglaayfq/,龙岗区南湾街道丹竹头社区龙岗大道南面,,,在售,普通住宅,43000,
深圳,碧桂园十里银滩,/loupan/p_bgyslytaasde/,广东省惠州亚婆角海滨旅游区,4居/3居/2居/1居,建面 55~140m²,在售,普通住宅,10000,
深圳,海景城,/loupan/p_hjcdtaasdt/,惠州大亚湾澳头安惠大道2号,5居/3居/2居/1居,建面 48~140m²,在售,普通住宅,14000,
深圳,凯南莱弗城,/loupan/p_knlfcaayhy/,大亚湾西区龙海二路与龙山三路交汇处,,,在售,普通住宅,11800,
长沙,阳光城尚东湾,/loupan/p_ygcsdwaatws/,雨花区长沙大道789号,3居/2居,建面 84~123m²,在售,普通住宅,8000,
长沙,晟通牡丹舸,/loupan/p_ctmdgaaslp/,岳麓区梅溪湖国际新城环湖路777号 （梅溪湖摩天轮旁）,3居/2居,建面 142~233m²,在售,普通住宅,18000,
长沙,拿铁空间,/loupan/p_ntkjaasjy/,雨花区韶山中路744号（桔园小区对面）,1居,建面 30~53m²,在售,普通住宅,13000,
长沙,华远华中心,/loupan/p_hyhzxaawhi/,天心区湘江路和人民路交汇处,5居/4居,建面 253~320m²,在售,商业类,23000,
长沙,达美溪湖湾,/loupan/p_dmxhwaaijw/,岳麓区梅溪湖环湖路298号,4居/3居,建面 139~208m²,在售,普通住宅,17000,
长沙,天鸿中央大院,/loupan/p_thzydyaalhs/,天心区韶山南路铁道学院北竹塘西路180号（湘府国际酒店对面）,3居/2居/1居,建面 35~102m²,在售,普通住宅,9000,
长沙,富基世纪公园,/loupan/p_fjsjgyaabez/,普瑞大道二段888号,3居/2居,建面 108~134m²,在售,普通住宅,6200,
长沙,绿地湖湘中心,/loupan/p_ldhxzxaavek/,岳麓区枫林路与银盆南路交汇处西北角（交警大楼西侧）,3居,建面 134~165m²,在售,普通住宅,18000,
长沙,碧桂园山水桃园,/loupan/p_aakdr/,宁乡县长常高速与岳临高速交汇处西北角（中国长沙长常高速关山出口）,4居,建面 322m²,在售,别墅,,228
长沙,勤诚达境界城,/loupan/p_qcdjjcaaufk/,望城区银杉路与普瑞大道交汇处东南角,4居/3居,建面 129~138m²,在售,普通住宅,6250,
长沙,五矿沁园金城,/loupan/p_wkqyjcaaimu/,开福区福元西路与车站北路交汇处东南角,3居,建面 158~160m²,在售,别墅,16000,
长沙,明昇壹城,/loupan/p_msycaarqc/,雨花区劳动东路与花侯路交汇处（恒大绿洲对面）,4居/3居,建面 90~141m²,在售,普通住宅,15000,
长沙,乾源国际广场,/loupan/p_qygjgcaafqw/,银星路乾源国际广场,2居/1居,建面 42~102m²,在售,普通住宅,7300,
长沙,芙蓉万国城MOMA,/loupan/p_zyhhdaadmu/,芙蓉区浏阳河东远大路和双杨路交汇处西北角（汽车东站步步高斜对面）,,,在售,普通住宅,8000,
长沙,荣泰广场,/loupan/p_rtgcaatyv/,岳麓区谷丰中路209号 （岳麓区政府西侧，含光路与谷丰路交汇处西南角）,2居/1居,建面 36~73m²,在售,普通住宅,9000,
长沙,金地格林公馆,/loupan/p_jdglggaasnz/,雨花区万家丽路与朝晖路交汇处（上河国际广场对面）,3居/2居,建面 78~127m²,在售,普通住宅,10000,
长沙,中国铁建山语城三期,/loupan/p_zgtjsycsqaadaz/,秀峰路80号（芙蓉北路与秀峰路交汇处东南角）,3居,建面 89~118m²,在售,普通住宅,7300,
长沙,长房半岛蓝湾,/loupan/p_aajwy/,雨花区湘府东路与万家丽路交汇东行600米,3居/1居,建面 50~168m²,在售,普通住宅,7500,
长沙,盛世耀凯,/loupan/p_ssykaacoh/,岳麓杜鹃路与西二环交汇处西南角（雷锋大道站地铁口旁）,3居/2居,建面 86~127m²,在售,普通住宅,7800,
长沙,金茂广场,/loupan/p_jmgcaaamh/,岳麓区梅溪湖环湖路1099号,5居,建面 269~311m²,在售,普通住宅,20000,
长沙,华侨假日中心,/loupan/p_hqjrzxaavbp/,岳麓区东方红中路406号,1居,建面 38~54m²,在售,普通住宅,7600,
长沙,梅溪鑫苑名家,/loupan/p_mxxymjaatxa/,岳麓区梅溪湖东方红路与东雷路交汇处（步步高新天地以南）,4居/3居,建面 90~121m²,在售,普通住宅,12300,
长沙,达美溪湖湾,/loupan/p_dmxhwaaujo/,岳麓区梅溪湖环湖路298号,,,在售,商业类,17000,
长沙,才子嘉都,/loupan/p_aajzo/,雨花区时代阳光大道与万芙路交汇处东南角（长沙新广电中心以东）,3居/2居/1居,建面 46~109m²,在售,普通住宅,7800,
长沙,光明E城,/loupan/p_nfgsecaalsu/,岳麓区银杉路559号,3居/2居,建面 83~121m²,在售,普通住宅,8400,
长沙,深业堤亚纳湾,/loupan/p_sydynwaacwv/,开福区北二环一段169号（楚家湖公园边上）,4居,建面 160~210m²,在售,普通住宅,8600,
长沙,楚天逸品,/loupan/p_aajzk/,开福区湘江北路三段48号（湘江世纪城北端）,6居/5居/4居,建面 266~351m²,在售,普通住宅,11000,
长沙,天祥水晶湾,/loupan/p_txsjwaavjb/,岳麓区环湖路与麓云路交汇处（梅溪湖大桥以西）,,,在售,商业类,12000,
长沙,建发中央悦府,/loupan/p_jfzyyfaavaa/,雨花区劳动东路299号 鑫天鑫城小区入口处（卷烟厂对面）,3居/2居,建面 99~138m²,在售,普通住宅,12000,
长沙,中扬国际,/loupan/p_zygjaasqi/,雨花区杉木冲路325号（洞井小区站附近）,3居,建面 144m²,在售,普通住宅,7200,
长沙,碧桂园山湖城,/loupan/p_bgyshcaalew/,宁乡县金洲新区金洲大道东288号（明德麓谷学校南）,8居/4居,建面 183~231m²,在售,别墅,5600,
长沙,宇成朝阳广场,/loupan/p_yccygcaaxdm/,芙蓉区车站中路与人民中路交汇处（长沙火车站往南300米）,,,在售,普通住宅,14000,
长沙,万象府台,/loupan/p_wxftaaxhf/,岳麓区金星路与佑姆塘路交汇处西北角,,,在售,普通住宅,10000,
长沙,熙庭原著,/loupan/p_aakfm/,望城区金星西路与雷锋大道交汇处西北角（大湖中学公交站以北100米）,4居/3居,建面 143~241m²,在售,普通住宅,7500,
长沙,湘江壹号三期,/loupan/p_xjyhsqaavel/,开福区创远路1号（鹅羊山东南角）,4居,建面 220m²,在售,普通住宅,8900,
长沙,洋湖style,/loupan/p_yhsaaxia/,岳麓区学士路与象嘴路交汇处东南角,,,在售,商业类,6800,
长沙,大鸿杰座,/loupan/p_dhjzaawpl/,雨花区雨花路88号,,,在售,商业类,12800,
长沙,当代滨江MOMA,/loupan/p_ddbjmaaxyn/,岳麓区含光路与观沙岭路交汇处东南角（施家港水上公园西北侧）,,,在售,商业类,8500,
长沙,明发国际城,/loupan/p_mfgjcaabwc/,望城区金星大道与月亮岛路交汇处东南角（长高集团对面）,2居,建面 83~101m²,在售,普通住宅,6800,
长沙,雅居乐依云小镇,/loupan/p_yjlyyxzaayhw/,宁乡县灰汤镇灰汤村迎宾路,4居/3居,建面 110~144m²,在售,普通住宅,4500,
长沙,洋湖style,/loupan/p_yhstyleaaamy/,岳麓区学士路与象嘴路交汇处东南角,4居/3居/2居,建面 93~132m²,在售,普通住宅,8300,
长沙,麓谷小镇,/loupan/p_lgxzaacty/,岳麓区青山路与尖山路交汇处东北角（岳麓大道尖山路口北300米）,3居,建面 93~103m²,在售,普通住宅,6999,
长沙,卓越浅水湾,/loupan/p_zyqswaadqg/,岳麓区梅溪湖环湖路与近湖七路交汇处西北角（梅溪湖沙滩公园旁）,4居,建面 128~141m²,在售,普通住宅,13000,
长沙,华远华中心,/loupan/p_hyhzxaahzy/,天心区湘江路和人民路交汇处,5居/4居,建面 253~320m²,在售,普通住宅,23000,
长沙,达美溪湖湾,/loupan/p_dmxhwaaiaa/,岳麓区梅溪湖环湖路298号,5居,建面 301m²,在售,别墅,25000,
长沙,碧桂园山湖城,/loupan/p_bgyshcaaley/,宁乡县金洲新区金洲大道东288号（明德麓谷学校南）,3居,建面 87m²,在售,普通住宅,3600,
长沙,澳海谷山府,/loupan/p_ahgsfaavkr/,望城区银星路与黄金大道交汇处,5居/3居,建面 85~138m²,在售,普通住宅,6000,
长沙,复地星光天地,/loupan/p_fdxgtdaayfa/,湘府路与韶山路交汇处,,,在售,普通住宅,10000,
长沙,中交里城,/loupan/p_zjlcaayif/,岳麓区含光路与岳华路交汇处东北角（八方小区二期东面）,,,在售,商业类,7500,
长沙,江南华府,/loupan/p_jnhfaaykg/,天心区南二环二段282号,4居/3居,建面 97~130m²,在售,普通住宅,8100,
长沙,海派广场,/loupan/p_hpgcaavzy/,芙蓉区车站北路与火炬路交汇处（烈士公园东门对面）,,,在售,商业类,13000,
长沙,悦禧国际山庄,/loupan/p_yxgjszaawuu/,望城区黄金东路与雷锋大道交汇处东南角（悦禧山庄公交站附近）,7居/6居/5居/4居,建面 313~359m²,在售,别墅,,372
长沙,盈峰翠邸,/loupan/p_yfcdaaian/,望城区金星北路四段229号（湖南商学院以东）,7居/6居/5居/3居,建面 108~520m²,在售,别墅,,345
长沙,润和紫郡,/loupan/p_rhzjaaxyj/,望城区银星路999号,,,在售,别墅,,240
广州,佳兆业城市广场,/loupan/p_jzycsgcaavcf/,黄埔开创大道与黄埔东路交汇处,3居,建面 83m²,在售,普通住宅,21000,
广州,侨鑫汇悦台,/loupan/p_qxhytaauja/,马场路与临江大道交界处（南国花园南面）,5居/4居,建面 282~365m²,在售,普通住宅,100000,
广州,越秀星汇御府,/loupan/p_yxxhyfaaujk/,天河区珠江新城海业路6号,8居/5居,建面 343~666m²,在售,普通住宅,60000,
广州,天誉半岛花园,/loupan/p_tybdhyaaugh/,滨江西路三江交会处（洲头咀公园旁）,5居/4居,建面 350~440m²,在售,普通住宅,55000,
广州,雄峰城,/loupan/p_xfcaatyk/,番禺区钟村街105国道钟村新城区路段西侧,,,在售,商业类,17000,
广州,佳兆业天御,/loupan/p_jzytyaaupf/,广州市白云区沙太南路20号（恒大御府旁）,5居/4居/3居,建面 92~163m²,在售,普通住宅,46000,
广州,富力悦禧花园,/loupan/p_flyxhyaauvf/,广州市广园快速笔村立交旁（东区小学对面）,3居/2居,建面 76~98m²,在售,普通住宅,16000,
广州,西关海,/loupan/p_aarcg/,广州市荔湾区南岸路23号（荔湾湖·中山八）,4居/3居,建面 109~166m²,在售,普通住宅,45000,
广州,汇信华府,/loupan/p_hxhfaaxxg/,佛山市三水区西南街道西青大道与北江大道交汇处,4居,建面 138~143m²,在售,普通住宅,9000,
广州,御江南,/loupan/p_yjnaaydy/,佛山市三水区西南街道金泉大道3号,3居,建面 96~127m²,在售,普通住宅,7800,
广州,世博广场,/loupan/p_sbgcaayhz/,禅城区汾江南路38号（魁奇路地铁站A出口）,,,在售,商业类,12000,
广州,琶洲壹號,/loupan/p_pzyhaaumv/,广州市海珠区新港东路2348號（万胜围地铁站沿新港东路往东300米）,9居/7居,建面 526~648m²,在售,别墅,,4883
广州,新动力广场,/loupan/p_xdlgcaaxza/,佛山市三水区西南街道西青大道8号,1居,建面 34~35m²,在售,商业类,,34
广州,华盛圆坊名荟,/loupan/p_hsyfmhaaycm/,佛山市三水区乐平镇范湖龙湖路222号,3居,建面 88~89m²,在售,普通住宅,,50
济南,万科金色悦城,/loupan/p_wkjsycaanos/,无影山北路万科金色悦城,3居,建面 97~108m²,在售,普通住宅,9500,
济南,绿地新里香榭丽公馆,/loupan/p_ldxlxxlggaaosj/,济齐路绿地新里香榭丽公馆,3居,建面 109~126m²,在售,普通住宅,8700,
济南,荣盛花语馨苑,/loupan/p_rshyxyaaqav/,无影山北路3号,4居/3居/2居,建面 76~123m²,在售,普通住宅,10000,
济南,金科城,/loupan/p_jkcaanmf/,齐鲁大道金科城,3居/2居,建面 96~134m²,在售,普通住宅,9200,
济南,淮海东城御景,/loupan/p_hhdcyjaaovs/,花园路与奥体西路交汇处北行,3居,建面 100~111m²,在售,普通住宅,14500,
济南,鑫苑世家公馆,/loupan/p_xysjggaanvw/,青岛路鑫苑世家公馆,3居/2居,建面 92~119m²,在售,普通住宅,9200,
济南,路劲东城,/loupan/p_ljdcaaood/,二环东路路劲东城,4居/3居,建面 99~140m²,在售,普通住宅,12500,
济南,三盛国际公园,/loupan/p_ssgjgyaanry/,舜华路南口与旅游路交汇处,4居/3居,建面 118~150m²,在售,普通住宅,16000,
济南,绿地海珀天沅,/loupan/p_ldhptyaanwf/,郎茂山路绿地海珀天沅,4居/3居,建面 136~188m²,在售,普通住宅,21000,
济南,佛山静院,/loupan/p_fsjyaaobu/,舜耕路与千佛山南路交汇处,4居/3居,建面 168~235m²,在售,普通住宅,33000,
济南,河泰优山美郡,/loupan/p_htsmjaanrs/,世纪大道与凤鸣路交汇处北行700米路西,,,在售,普通住宅,9200,
济南,万科麓城,/loupan/p_wklcaaukg/,凤凰路万科麓城,3居,建面 95~140m²,在售,普通住宅,21000,
济南,泉世界壹品,/loupan/p_qsjypaavjr/,工业南路泉世界壹品,3居,建面 94~133m²,在售,普通住宅,11000,
济南,绿地国际城,/loupan/p_ldgjcaanwa/,二环南路绿地国际城,4居/3居,建面 116~167m²,在售,普通住宅,13800,
济南,世茂原山首府,/loupan/p_smyssfaanye/,白马山南路25号（原白马山啤酒厂）,3居/2居,建面 70~143m²,在售,普通住宅,9500,
南京,升龙汇金中心,/loupan/p_slhjzxaagfs/,江山大街升龙汇金中心,,,在售,商业类,28000,
南京,紫金华府,/loupan/p_zjhfaafcw/,顾家营路紫金华府,3居/2居,建面 80~120m²,在售,普通住宅,37500,
南京,明发珠江国际,/loupan/p_mfzjgjaarco/,张敦路59号,,,在售,普通住宅,23500,
南京,嘉誉山,/loupan/p_jysaatdp/,兴贤路19号,3居/2居,建面 86~141m²,在售,普通住宅,29000,
南京,新城香悦澜山,/loupan/p_xcxylsaaccp/,纬地路新城香悦澜山,3居,建面 83~100m²,在售,普通住宅,28000,
南京,骋望七里楠花园,/loupan/p_cwqlnhyaaaux/,龙池街道龙华路66号,3居,建面 144~166m²,在售,普通住宅,10500,
南京,融创玉兰公馆,/loupan/p_rcylggaatbq/,燕子矶街道融创玉兰公馆,4居/3居,建面 88~129m²,在售,普通住宅,29000,
南京,融创臻园,/loupan/p_rczyaarxa/,雨山西路融创臻园,4居,建面 120m²,在售,普通住宅,24000,
南京,融侨观邸,/loupan/p_rqgdyxaacoj/,海院路88号,3居/2居,建面 88~106m²,在售,普通住宅,26000,
南京,中南山锦花城,/loupan/p_znsjhcaatgn/,麒麟街道袁家边路20号,4居/3居,建面 96~108m²,在售,普通住宅,24000,
南京,北江锦城,/loupan/p_bjjcyxaabaj/,雨山西路89号,3居/2居,建面 91~100m²,在售,普通住宅,23000,
南京,中建国熙台,/loupan/p_zjgxtaasun/,新浦路中建国熙台,,,在售,普通住宅,30000,
南京,恒大翡翠华庭,/loupan/p_hdfchtaadlc/,红山街道华飞路1号,4居/3居,建面 119~153m²,在售,普通住宅,31000,
南京,中南世纪雅苑,/loupan/p_znsjyyaaawu/,马群街道中南世纪雅苑,3居/2居,建面 86~112m²,在售,普通住宅,24900,
南京,骋望云邸,/loupan/p_cwydaaasz/,鹤鸣路68号,6居/5居,建面 231~319m²,在售,普通住宅,21000,
南京,金浦紫御东方,/loupan/p_jpzydfaatdk/,经五路金浦紫御东方,4居/3居,建面 75~126m²,在售,普通住宅,28000,
南京,菲呢克斯,/loupan/p_fnksaaejf/,公园路159号,5居/3居/2居,建面 130~310m²,在售,普通住宅,35000,
南京,高科荣境桂山堂,/loupan/p_gkrjeqaatpa/,守敬路313号,5居/4居,建面 251~319m²,在售,普通住宅,31000,
南京,尚峰尚水,/loupan/p_sfssaaqqv/,汤泉街道尚峰尚水,7居/6居/5居/3居,建面 240~310m²,在售,别墅,19000,
南京,保利西江月,/loupan/p_blxjyaabaz/,城南河路保利西江月,4居/3居,建面 90~125m²,在售,普通住宅,27000,
南京,滟紫台,/loupan/p_yztaadtx/,将军大道韩府路18号,4居/3居,建面 185~265m²,在售,普通住宅,29000,
南京,力标赞城,/loupan/p_lbzcaapwz/,台南路10号,3居/2居,建面 72~105m²,在售,普通住宅,19500,
南京,恒辉假日广场,/loupan/p_hhjrgcaaaup/,珍珠南路1号,5居/4居,建面 228~290m²,在售,普通住宅,26000,
南京,金盛田阳光青城,/loupan/p_jstygqcaaayk/,龙华路8号,3居,建面 133m²,在售,普通住宅,22000,
南京,融侨悦城,/loupan/p_rqycaawis/,东山街道万安南路9号,4居/3居,建面 89~119m²,在售,普通住宅,23000,
南京,证大大拇指广场,/loupan/p_zddmzgcaamxa/,鼓楼区江边路以西1号地块（09-09地块,2居/1居,建面 37~79m²,在售,普通住宅,26166,
南京,恒大龙珺,/loupan/p_hdljaatpb/,麒麟街道袁家边路9号,4居/3居/2居,建面 103~152m²,在售,普通住宅,28000,
南京,路易庄园,/loupan/p_lyzyaarxs/,雨山西路89号,5居/3居,建面 309~311m²,在售,别墅,23000,
南京,荣盛华府,/loupan/p_rshfaatdn/,雄州街道古棠大道2号,4居/3居,建面 122~145m²,在售,普通住宅,13500,
南京,鲁能泰山7号院,/loupan/p_lntsyaatqn/,淳化街道格致西路1号,3居/2居,建面 155~185m²,在售,别墅,28000,
南京,东方万汇城,/loupan/p_dfwhcaaggf/,浦口大道路28号,,,在售,商业类,13000,
南京,证大喜玛拉雅中心,/loupan/p_zdxmlyzxaakua/,民智路9号、10号、11号、12号、13号,,,在售,商业类,18000,
南京,大吉公元,/loupan/p_djgyaabbs/,汤泉镇江星桥线,5居,建面 249m²,在售,别墅,20000,
南京,弘阳燕江府,/loupan/p_hyyjfaatdo/,燕子矶新城太新路弘阳燕江府,4居/3居,建面 90~125m²,在售,普通住宅,25800,
南京,南京碧桂园,/loupan/p_njbgyaaldy/,牛首大道庆兴路8号,5居,建面 245m²,在售,普通住宅,14500,
南京,凤凰美地,/loupan/p_fhmdaadiz/,雨花经济开发区凤集大道解放军国际关系学院旁,3居/2居,建面 99~115m²,在售,普通住宅,17500,
南京,荣盛花语城,/loupan/p_rshycaaksj/,六合龙池街道林场路1号,3居,建面 90m²,在售,普通住宅,10300,
南京,长发都市诸公,/loupan/p_cfdszgaacay/,雨花南路5号,4居/3居,建面 139~225m²,在售,普通住宅,42000,
南京,瑞安翠湖山,/loupan/p_rachsaahns/,牛首山大道121号,5居/3居,建面 238~460m²,在售,别墅,,426
南京,明发财富中心,/loupan/p_mfcfzxaawko/,浦口大道6号,,,在售,商业类,16000,
南京,景瑞春风十里,/loupan/p_jrcfslaaudc/,吉山大道8号,4居/3居,建面 83~160m²,在售,普通住宅,20000,
南京,万达茂,/loupan/p_wdmaaydj/,守敬路万达茂,,,在售,商业类,16800,
南京,东骏悦府,/loupan/p_djyfaaygz/,龙池街道莉湖西路31号,2居,建面 78~80m²,在售,普通住宅,12200,
南京,碧桂园湖光山色,/loupan/p_bgyhgssaarrc/,谷里街道悦湖路16号,5居,建面 202~319m²,在售,别墅,,600
南京,银城君颐东方,/loupan/p_ycjydfaauoe/,马群街169号,4居/3居/2居,建面 88~125m²,在售,普通住宅,42500,
南京,卧龙湖小镇,/loupan/p_wlhxzaackd/,卧龙湖大道1号,3居,建面 220m²,在售,别墅,,339
南京,东方熙龙山院,/loupan/p_dfxlsyaaedw/,白马路90号,5居,建面 420m²,在售,别墅,,650
烟台,金河名都,/loupan/p_jhmddtaasqx/,开发区北京中路（206国道）与黄金河交处南（富士康东南侧）,2居/1居,建面 55~90m²,在售,普通住宅,6500,
烟台,万科御龙山,/loupan/p_wkylskaastz/,芝罘区梁家村竹林路西1000米（联通公司南150m）,4居/3居,建面 140~190m²,在售,普通住宅,15000,
烟台,万科青年特区,/loupan/p_wkqntqaasnm/,芝罘区芝罘岛西路58号（加油站西200米）,3居/2居,建面 80~126m²,在售,普通住宅,7300,
烟台,万科假日风景,/loupan/p_wkjrfjkaastw/,福山永达街与奇泉路交汇处西南方200米,3居/2居,建面 75~105m²,在售,普通住宅,6850,
烟台,金地格林世界,/loupan/p_jdglsjyxaasjh/,莱山区观海路南，观海路与轸大路交汇处西南（50路公交终点站）,3居/2居,建面 77~111m²,在售,普通住宅,6300,
烟台,万行中心,/loupan/p_whzxaassi/,开发区淮河路1号（黄山路与淮河路交汇处）,2居/1居,建面 30~55m²,在售,普通住宅,8800,
烟台,万科城,/loupan/p_wkcaassm/,开发区宁波路8号（张裕卡斯特酒庄东南侧约350米）,3居,建面 110m²,在售,普通住宅,7200,
烟台,君悦湾,/loupan/p_jywaaspo/,福山区振华街1号（河滨路北首）,3居/2居,建面 57~155m²,在售,普通住宅,5300,
烟台,万象城11街区,/loupan/p_wxcqaaveq/,莱山清泉路19号（清泉路烟台大学北门）,2居/1居,建面 48~68m²,在售,商业类,8300,
烟台,万科璞悦湾,/loupan/p_wkpywaasnb/,芝罘区芝罘岛环海路58号（加油站西200米）,3居,建面 110~130m²,在售,普通住宅,12500,
烟台,德蚨家园,/loupan/p_dfjyaasmh/,芝罘芝罘屯路与建设路交汇处（老三站西邻500米，原胶东市场）,3居/2居,建面 84~98m²,在售,普通住宅,7500,
烟台,建城西府,/loupan/p_jcxfaasmy/,芝罘区凤凰台路与楚凤一街交汇处路北（烟台机床附件研究所西100米）,3居/2居/1居,建面 72~129m²,在售,普通住宅,7300,
烟台,龙湖唐宁ONE,/loupan/p_lhpthwaasyd/,牟平滨海东路199号，养马岛度假区（滨海东路与通海路交汇处北）,4居,建面 276m²,在售,普通住宅,6500,
烟台,UN未来城,/loupan/p_unwlckaassq/,福山汇福街与聚福路交汇处,3居/2居,建面 74~96m²,在售,普通住宅,5200,
烟台,金海名园,/loupan/p_jhmyaassb/,高新区科技大道99号，科技大道与规划路交汇处西北方向,4居/3居,建面 111~204m²,在售,普通住宅,7700,
烟台,暖山国际,/loupan/p_nsgjggaaxyg/,莱山澳柯玛大街6号（迎春大街与盛泉东路交叉口东北角,1居,建面 52~66m²,在售,商业类,5600,
烟台,五彩都会,/loupan/p_wcdhaayae/,莱山港城东大街与长宁路交汇处东南（烟台市政府南168米）,1居,建面 40~63m²,在售,商业类,7200,
烟台,君山水,/loupan/p_jssyxaaspi/,福山英特尔大道36号（福山宾馆西南方向600米）,3居/2居,建面 72~128m²,在售,普通住宅,5000,
烟台,福瑞福海门,/loupan/p_frfhmaasox/,福山区福海路北首，衡山路南侧（北方汽配城正对面）,3居/2居,建面 74~98m²,在售,普通住宅,5500,
烟台,大华上海滩花园,/loupan/p_dhshthyyxaasrv/,莱山庆祥路200号（三滩区域）,3居/2居,建面 77~119m²,在售,普通住宅,6900,
烟台,暖山国际,/loupan/p_aasrw/,莱山澳柯玛大街6号（迎春大街与盛泉东路交叉口东北角,4居/3居/2居,建面 84~127m²,在售,普通住宅,7300,
烟台,天颐郦城三期,/loupan/p_tylcsqaasqn/,开发区嘉陵江路81号（甬江二支路与嘉陵江路交汇处东100米）,3居,建面 100~129m²,在售,普通住宅,6600,
烟台,健成水漾花城,/loupan/p_jcsyhcaasxy/,牟平牟山路与金埠大街交汇处西北侧（滨州医学院烟台附属医院附近,3居/2居,建面 76~113m²,在售,普通住宅,4700,
烟台,弘邦宝第,/loupan/p_hbbdaaskh/,莱山山海路57号（塔山隧道南2000米，老年福利中心北侧）,6居,建面 1200m²,在售,别墅,,3500
烟台,大华上海滩花园,/loupan/p_dhshthyyxaaxow/,莱山庆祥路200号（三滩区域）,5居/4居/3居,建面 221~385m²,在售,别墅,,495
杭州,恒大水晶国际广场,/loupan/p_hdsjgjgcaaper/,之浦路与枫桦路交叉口往南100米处,3居,建面 87~124m²,在售,普通住宅,,
杭州,新时代城市家园,/loupan/p_xsdcsjyaasye/,闲林西路新时代城市家园,2居,建面 80~89m²,在售,普通住宅,12750,
杭州,康恒悦麒美寓,/loupan/p_yqmyaapbm/,杨公路悦麒美寓,5居/4居/3居/2居/1居,建面 85~310m²,在售,普通住宅,23000,
杭州,宋都阳光国际,/loupan/p_sdyggjaapgv/,通盛路阳光国际,4居/3居/2居/0居,建面 83~321m²,在售,普通住宅,22000,
杭州,绿城九龙仓钱塘明月,/loupan/p_lcjlcqtmyaaifl/,金惠路与市心中路交叉口向东400米,5居/4居/3居,建面 87~236m²,在售,普通住宅,35500,
杭州,新湖武林国际公寓,/loupan/p_xhwlgjgyaaobh/,环城北路167号,4居/3居/2居,建面 87~215m²,在售,普通住宅,65000,
杭州,绿城之江1号,/loupan/p_lczjyhaahwt/,横桥路绿城之江1号,7居/5居/4居/3居/2居,建面 78~597m²,在售,普通住宅,26000,
杭州,赞成乐山红叶,/loupan/p_zcyshyyxaaoqh/,天目山西路赞成乐山红叶,5居/4居/3居,建面 90~212m²,在售,普通住宅,18000,
杭州,金成英特学府,/loupan/p_jcytxfaaoll/,天目山西路金成英特学府,4居/3居,建面 89~116m²,在售,普通住宅,18000,
杭州,万泰城章,/loupan/p_wtczaaooo/,世纪大道与望梅路交叉口西南方向500米,5居/4居/3居,建面 86~156m²,在售,普通住宅,15000,
杭州,绿都御景蓝湾,/loupan/p_ldyjlwaaoah/,绕城南线义桥出口处1000米,3居/2居,建面 75~121m²,在售,普通住宅,15000,
杭州,莱茵知己,/loupan/p_lyzjaatsi/,振兴路与顺达路交汇处,5居,建面 269m²,在售,别墅,17500,
杭州,富力西溪悦墅,/loupan/p_flxxysaaxou/,文二西路富力西溪悦墅,4居,建面 139m²,在售,别墅,,
杭州,世茂之西湖,/loupan/p_smzxhaayja/,西环路世茂之西湖,3居/1居/0居,建面 37~196m²,在售,商业类,26500,
杭州,莱茵知己,/loupan/p_lyzjaaqir/,振兴路与顺达路交汇处,5居/3居,建面 89~269m²,在售,普通住宅,16000,
杭州,蓝钻天成,/loupan/p_lztcaapzc/,莫干山路969号,4居/3居/1居,建面 43~106m²,在售,商业类,25000,
杭州,复地黄龙和山,/loupan/p_fdhlhsaaoao/,西溪路与杨梅山路交叉口,6居/5居/3居/1居,建面 50~328m²,在售,别墅,,1150
杭州,华元玉榕庄,/loupan/p_hyyrzaaxgx/,上和路8号,6居,建面 395m²,在售,别墅,,525
杭州,大奇山郡,/loupan/p_dqsjaaxhc/,金中路8号（城南路向西到底左转即到）,,,在售,别墅,,700
大连,亿达春田里,/loupan/p_ydctlaasir/,甘井子区大连生态科技创新城,3居/2居,建面 87~133m²,在售,普通住宅,12500,
大连,保利天禧,/loupan/p_bltxaabwr/,中山区东港达沃斯会议中心东行3公里,4居/3居,建面 163~219m²,在售,普通住宅,17000,
大连,益丰乾城,/loupan/p_yfqcaagwn/,大连甘井子区大连湾街道金前路,3居/2居,建面 64~128m²,在售,普通住宅,7000,
大连,君海阁,/loupan/p_jhgaaehb/,高新园区七贤南路97号,3居/2居,建面 82~139m²,在售,普通住宅,12500,
大连,易和岭秀滨城,/loupan/p_yhlxbckpaafll/,大连市甘井子区辛寨子街道虹城路503-6号,,,在售,普通住宅,11000,
大连,红星海世界观时光的岸,/loupan/p_hxhsjgsgdaaavuy/,红星海B区,2居,建面 111m²,在售,普通住宅,7800,
大连,开成领地,/loupan/p_kcldaawgh/,恩泽南园,3居,建面 116~120m²,在售,普通住宅,11500,
大连,我爱我家三期,/loupan/p_wawjsqaaxms/,甘井子区东至翡翠春城小区.西至安邦开发住宅小区.南至山体.北至金柳一街,,,在售,普通住宅,9400,
大连,青国青城,/loupan/p_qgqcaacqg/,开发区双D港大地街金湾商城北行100米,3居/2居/1居,建面 51~95m²,在售,普通住宅,7000,
大连,悦丽海湾,/loupan/p_ylhwaactc/,河口湾黄浦路与小平岛路交汇处东南角240米,3居/2居/1居,建面 50~161m²,在售,普通住宅,12500,
大连,福荣园,/loupan/p_fryaaabp/,大连市高新园区希贤街与爱贤街交汇处,3居/2居,建面 89~130m²,在售,普通住宅,11500,
大连,和合美家,/loupan/p_hhmjaavrg/,玉浓街,2居/1居,建面 45~84m²,在售,普通住宅,8800,
大连,龙湖水晶郦湾,/loupan/p_lhsjlwaaadi/,大连市中山区港湾广场东——大连国际会议中心东行3公里,4居/3居,建面 126~196m²,在售,普通住宅,22000,
大连,嘉创E人国际,/loupan/p_aaqbi/,甘井子区凌水镇庙岭村红凌路４号－５－７０２,1居,建面 34m²,在售,普通住宅,11000,
大连,新希望乐城,/loupan/p_xxwycaaihr/,大连金州新区金泉路969号,4居/3居/2居/1居,建面 47~89m²,在售,普通住宅,7000,
大连,国滨苑,/loupan/p_gbyaagai/,长江东路与港隆路的交汇处,3居/2居,建面 82~153m²,在售,普通住宅,13500,
大连,城宁家园,/loupan/p_cnjyaaacx/,大连开发区淮河中路12-1号（淮河中路与城宁街交汇处）,3居/2居,建面 63~90m²,在售,普通住宅,6500,
大连,昊宇山海湾,/loupan/p_hyshwaafxb/,大连市高新园区七贤岭向北300米,3居,建面 113~145m²,在售,普通住宅,12500,
大连,岚山著作,/loupan/p_lszzaafrb/,开发区湾里街道高安里67号（5路车高城花园站前行100米,3居/2居,建面 66~90m²,在售,普通住宅,7000,
大连,海创半山壹号,/loupan/p_hcbsyhaarlx/,高新园区聚贤西园8号(海创谷歌里旁),3居/2居/1居,建面 57~140m²,在售,普通住宅,11500,
大连,未名山,/loupan/p_wmsaafyw/,高新园区凌水湾七贤东路万达广场南,4居/3居/1居,建面 99~280m²,在售,普通住宅,17000,
大连,恒瑞坦城,/loupan/p_hrtcaaecc/,高新园区凌水路与新红凌路交汇处南侧,2居,建面 62m²,在售,普通住宅,10000,
大连,大湖山语,/loupan/p_dhsyaadzk/,凌水路与新红凌路交汇处南侧 凌水小学西南角约300米处,3居/2居,建面 90~143m²,在售,普通住宅,12500,
大连,大连天地悦龙居,/loupan/p_dltdyljaaedp/,大连市高新园区黄泥川金川南路（西行500米） ,4居/3居/2居,建面 81~167m²,在售,普通住宅,8000,
大连,招商兰溪谷,/loupan/p_zslxgaafmm/,大连市高新园区七贤路与七贤中路交汇处,5居/4居/3居,建面 164~235m²,在售,普通住宅,12500,
大连,宏都熙景,/loupan/p_hdxjaafov/,大连市甘井子区华南23中北侧,3居/2居/1居,建面 61~140m²,在售,普通住宅,12800,
大连,康馨壹品,/loupan/p_kxypaaxkh/,金州新区开发区双D港产业园区（大显电子有限公司后身）,,,在售,普通住宅,7000,
大连,连海金源,/loupan/p_aabqu/,甘井子区西郊森林公园金柳路71号（金柳路中段）,4居/3居/2居,建面 87~142m²,在售,普通住宅,8800,
大连,缇香漫城,/loupan/p_aajba/,甘井子区虹港路与张前路交汇处,4居/3居/2居/1居,建面 48~152m²,在售,普通住宅,13500,
大连,大华锦绣华城七期,/loupan/p_dhjxhcsqaaexz/,高新园区软件园路与红凌路交汇处（理工大学北）,3居/2居/1居,建面 61~130m²,在售,普通住宅,14000,
大连,东港林苑,/loupan/p_aajtp/,中山区港湾广场长江东路,2居/1居,建面 44~73m²,在售,普通住宅,15500,
大连,西山湖语,/loupan/p_xshyaaanp/,红旗街道张家村,3居/2居,建面 93~147m²,在售,普通住宅,10800,
大连,圆梦园,/loupan/p_ymyaaatc/,甘井子区虹霞路和哲林街交汇处,2居,建面 69~71m²,在售,普通住宅,13500,
大连,鹏德同心园,/loupan/p_aajny/,甘井子张家村，张前路西侧，红旗西路北侧,3居/1居,建面 65~137m²,在售,普通住宅,11000,
大连,万成御园,/loupan/p_wcyyaabmp/,甘井子新开街，十一高中北门,3居/2居/1居,建面 60~87m²,在售,普通住宅,9500,
大连,亿达春田晴湾,/loupan/p_ydctqwaapsu/,甘井子融田北园,4居/3居/2居,建面 86~159m²,在售,普通住宅,13500,
大连,运达诺维溪谷,/loupan/p_ydnwxgaaazi/,大连市甘井子区辛寨子兴博街10号,4居/3居/2居,建面 86~150m²,在售,普通住宅,9000,
大连,未来城,/loupan/p_wlcaabwa/,明珠路与牧川路的交汇处，牧川北园1号,3居/2居/1居,建面 49~117m²,在售,普通住宅,8300,
大连,远洋钻石湾三期,/loupan/p_yyzswsqaatku/,甘井子区工兴街东北路以东侧、东方路以南,2居/1居,建面 50~89m²,在售,普通住宅,11000,
大连,依云溪谷,/loupan/p_yyxgaavxw/,甘井子柳树街柳树村,4居/3居/2居/1居,建面 83~109m²,在售,普通住宅,8500,
大连,中华城,/loupan/p_zhcaarop/,甘井子区南关岭岚岭路南，体育中心东。,3居/2居,建面 80~98m²,在售,普通住宅,9000,
大连,中航华府,/loupan/p_zhhfaadzy/,甘井子区体育中心南侧700米，近西北路,3居/2居,建面 74~136m²,在售,普通住宅,9200,
大连,水畔精品,/loupan/p_spjpaavsn/,旅顺中路与张辛路交界处西北方向,4居/2居,建面 66~159m²,在售,普通住宅,9500,
大连,春柳公园,/loupan/p_clgyaafmc/,原春柳冰山集团低压开关厂厂区内,3居/2居,建面 68~142m²,在售,普通住宅,13800,
大连,星光耀广场,/loupan/p_xgygcaayea/,中山区长江东路华乐广场东行500米,,,在售,普通住宅,19000,
大连,玉兰花园,/loupan/p_aajbv/,金州区国防路宁海桥旁,4居/3居/2居,建面 78~141m²,在售,普通住宅,8200,
大连,中航国际广场,/loupan/p_zhgjgcaaeeo/,大连市中山路与白山路交汇处西南角，沙河口区政府南侧,4居/3居/2居/1居,建面 63~216m²,在售,普通住宅,18000,
大连,聚美东湾,/loupan/p_jmdwaalxn/,大连经济技术开发区福安街,3居/2居,建面 73~105m²,在售,普通住宅,6800,
大连,明秀庄园二期,/loupan/p_mxzy2qaahhg/,中山区秀月街345号,3居/2居,建面 99~252m²,在售,普通住宅,18500,
大连,天源秀景,/loupan/p_tyxjaaids/,威华街,3居/2居,建面 92~110m²,在售,普通住宅,13700,
大连,新城丽景,/loupan/p_xcljaahnn/,开发区辽河西路与东北三街交汇处,2居/1居,建面 42~80m²,在售,普通住宅,6900,
大连,泰达青筑,/loupan/p_tdhgycaaazy/,大连市甘井子区营城子街道金龙寺国家森林公园对面,3居/2居,建面 70~105m²,在售,普通住宅,7300,
大连,通用阳光丽景,/loupan/p_tyygljaavei/,金州友谊街道龙王庙南侧,3居/2居/1居,建面 61~113m²,在售,普通住宅,4800,
大连,中庚当代艺术,/loupan/p_zgddysaabsy/,中山区人民路CBD东段，港湾广场东侧，东港商务区内达沃斯国际会议中心东行1000米。,4居/3居,建面 193~260m²,在售,普通住宅,16500,
大连,福佳新城,/loupan/p_fjxcaavqt/,甘井子振兴路两侧，南邻大连湾、西邻前盐、北临前关湿地公园,,,在售,别墅,,180
大连,大华锦绣华城八期,/loupan/p_dhjxhcbqaawoy/,高新园区软件园路与红凌路交汇处（理工大学北）,2居/1居,建面 61~96m²,在售,普通住宅,13500,
大连,一河两公园,/loupan/p_yhlgyaavuv/,大连开发区辽河中路与疏港高速交汇处，东城天下西侧，金海湾别墅区旁,,,在售,别墅,,300
大连,金源名府,/loupan/p_jymfaavvz/,松岚街,2居/1居,建面 55~67m²,在售,普通住宅,7500,
大连,万科半山半海,/loupan/p_wkbsbhaaxct/,沙河口区西至成仁街、南至太行街、东至山体、北至山体,2居,建面 95m²,在售,普通住宅,18500,
大连,中体奥林匹克花园,/loupan/p_ztalpkhyaafpa/,大连甘区柳树街（原大连西郊度假村）,4居/3居/2居,建面 83~163m²,在售,普通住宅,8500,
大连,一河两公园,/loupan/p_yhlgyaasiy/,大连开发区辽河中路与疏港高速交汇处，东城天下西侧，金海湾别墅区旁,2居/1居,建面 55~88m²,在售,普通住宅,6700,
大连,琥珀湾,/loupan/p_hpwaabdp/,中山区老虎滩石槽景区,4居,建面 265m²,在售,普通住宅,30000,
大连,中体奥林匹克花园,/loupan/p_ztalpkhyaafpa/,大连甘区柳树街（原大连西郊度假村）,4居/3居/2居,建面 83~163m²,在售,普通住宅,8500,
大连,鹏湖湾,/loupan/p_phwaaqba/,甘井子区张前路与红旗西路交汇处西侧,7居/6居/4居,建面 190~300m²,在售,别墅,,450
大连,万科西山别墅,/loupan/p_wkxsbsaafef/,甘井子旅顺中路西山湖西侧,5居,建面 240m²,在售,别墅,,
大连,亿达春田留庄,/loupan/p_ydctlzaapsp/,辛寨子大东沟,4居/3居,建面 180~240m²,在售,别墅,,410
大连,金塘裕墅,/loupan/p_jtysaalwz/,甘井子区红旗西路西山湖对面,5居/4居,建面 229~260m²,在售,别墅,,
大连,易和熙园,/loupan/p_yhxyaaath/,大连市甘井子区张前路与红旗西路交汇处（张前路东侧）,3居/2居,建面 67~117m²,在售,普通住宅,,
大连,琥珀湾,/loupan/p_hpwaabjw/,中山区老虎滩石槽景区,4居,建面 265m²,在售,别墅,,2200
大连,碧桂园近山湖,/loupan/p_bgyjshaaxkk/,旅顺中路红旗街道岔鞍村,7居/4居,建面 169~321m²,在售,别墅,,
天津,融创城,/loupan/p_rccaavmn/,津滨大道与登州南路交口,4居/3居/2居,建面 119~172m²,在售,普通住宅,29000,
天津,天津东方环球影城,/loupan/p_tjdfhqycaapyi/,中北镇阜锦道与万卉路交口（曹庄花市西行300米）,,,在售,商业类,16500,
天津,中海寰宇天下,/loupan/p_zhhytxaakho/,洞庭路与黑牛城道交口,4居/3居,建面 93~204m²,在售,普通住宅,45000,
天津,仁恒滨河湾,/loupan/p_rhbhwaagkt/,海河教育园区(北洋园)南慧路与经四路交口南侧 ,3居/2居,建面 80~118m²,在售,普通住宅,19322,
天津,海河大观,/loupan/p_hhdgaarzi/,解放南路和湘江道交口,,,在售,商业类,28000,
天津,河东融科瀚棠,/loupan/p_aabqx/,月牙河与昆仑路交口，河东文化公园旁 ,3居,建面 141m²,在售,普通住宅,34500,
天津,中海金湖湾,/loupan/p_zhjhwaavcr/,泰达大街延长线与威海路交口,4居/3居,建面 95~140m²,在售,普通住宅,16000,
天津,中海学府公馆,/loupan/p_zhxfggaakln/,黑牛城道与洞庭路交口,3居/2居/1居,建面 50~91m²,在售,商业类,29000,
天津,富贾花园,/loupan/p_fghyaaptj/,中山北路17号,4居,建面 373~376m²,在售,商业类,45000,
天津,凯德国贸,/loupan/p_kdgmaapsh/,南京路39号(南京路与马场道交口),,,在售,商业类,34000,
天津,奕聪花园,/loupan/p_ychyaaprt/,红旗南路快速路北侧,4居,建面 242m²,在售,商业类,15000,
天津,万科民和巷,/loupan/p_wkmhxaahmz/,津塘公路与外环线交口,3居,建面 90m²,在售,普通住宅,24000,
天津,天津恒大帝景,/loupan/p_tjhddjaakir/,河东海河东路与快速路交口西侧,5居/3居,建面 129~275m²,在售,普通住宅,42000,
天津,星河时代,/loupan/p_xhsdaabbv/,辰顺路西侧,7居/5居/4居,建面 170~175m²,在售,别墅,,585
天津,华润紫阳里,/loupan/p_hrzylaapuy/,新华路与长春道交口（滨江道旁）,,,在售,商业类,35000,
天津,宝安江南城,/loupan/p_aajql/,杨柳青镇元宝岛西侧青静路66号,6居/5居,建面 401~478m²,在售,别墅,30000,
天津,阳光太阳城,/loupan/p_aajqh/,杨柳青镇北津同公路北侧,3居,建面 217~318m²,在售,别墅,17000,
天津,融创中心,/loupan/p_rczxaarnt/,红旗路与鞍山西道交口南行200米,2居,建面 82m²,在售,商业类,28000,
天津,路劲太阳城,/loupan/p_ljtycaabsu/,贺兰路与凤山道交口,3居,建面 89~138m²,在售,普通住宅,29000,
天津,金侨新梅江壹号,/loupan/p_jqxmjyhaaijj/,解放南路东侧新梅江卫津河公园与太湖路公园旁,4居/3居/2居,建面 89~180m²,在售,普通住宅,43000,
天津,荣泰广场,/loupan/p_rtgcaatck/,环河东路与东四道交口,,,在售,商业类,18000,
天津,中海公园城,/loupan/p_zhgycaaxkg/,天嘉湖大道西侧,4居/3居/2居,建面 89~254m²,在售,别墅,14000,
天津,首创禧悦汇,/loupan/p_scxyhaauxf/,津南区双港镇梨双公路与领世路交口,,,在售,商业类,10500,
天津,万科金域华府,/loupan/p_wkjyhfaadpl/,新立街旌智道与锐路交口处东北侧,3居,建面 115m²,在售,普通住宅,25000,
天津,富海公馆,/loupan/p_fhgyaapti/,中山路与日纬路交口,3居/2居,建面 69~121m²,在售,商业类,27000,
天津,北宸运河壹号院,/loupan/p_bcyhyhyaauez/,双街镇龙顺道与顺畅路交口,5居,建面 373m²,在售,别墅,29500,
天津,时代峰景,/loupan/p_klggaapzv/,下朱庄街京津公路东侧,,,在售,商业类,10500,
天津,东澳广场,/loupan/p_dagcaaxbh/,下朱庄街京津公路东侧,,,在售,商业类,8500,
天津,仁爱团泊湖孔雀公馆,/loupan/p_ratbhkqggaaxro/,团泊新城东区仁爱西道与地水路交口,,,在售,商业类,11500,
天津,中惠熙元广场,/loupan/p_zhxygcaakvz/,响螺湾中央商务区坨场南路和滨海西路交口（开启桥旁）,2居/0居,建面 48~72m²,在售,商业类,13000,
天津,宝龙国际中心,/loupan/p_blgjzxaakva/,响螺湾新港路与新华路交口1813号,1居,建面 54m²,在售,商业类,18000,
天津,麒麟公馆,/loupan/p_qlggaaxbe/,福源道与翠亨路交口,2居/1居,建面 41~89m²,在售,商业类,13000,
天津,和泓四季公馆,/loupan/p_hhsjggaaykb/,津滨大道与跃进路交口,,,在售,商业类,18000,
天津,半湾半岛,/loupan/p_bwbdaayke/,双街镇张湾双进道半湾半岛,,,在售,别墅,,700
天津,滨海浙商宜居,/loupan/p_bhzsyjaapva/,津塘公路419号瑞典宜家北侧（东丽开发区轻轨站）,,,在售,商业类,14800,
天津,天山龍玺,/loupan/p_tsxaaijc/,小站镇海世界米立方东侧,4居/3居,建面 220~265m²,在售,别墅,12000,
天津,中惠团泊湾,/loupan/p_aajfv/,团泊新城津王公路西侧,5居,建面 400m²,在售,别墅,,531
西安,雅居乐湖居笔记,/loupan/p_aajnn/,子午大道中段（西安邮电大学南880米）,4居/3居/2居,建面 87~137m²,在售,普通住宅,7000,
西安,海亮新英里,/loupan/p_hlxylaacvw/,西沣路与雁环路交汇处东南角（西安高新国际学校对面）,5居/4居/3居/2居,建面 75~219m²,在售,普通住宅,8300,
西安,中国铁建国际城,/loupan/p_zgtjgjcaaefd/,曲江大道路东，曲江一中东南约500米,4居/3居,建面 128~184m²,在售,普通住宅,7800,
西安,中航华府,/loupan/p_zhhfaadbh/,丈八路与大寨路十字向西800米,4居/3居,建面 77~128m²,在售,普通住宅,7500,
西安,曲江美好时光,/loupan/p_qjmhsgaawqe/,南三环与雁引路交汇处向东200米,3居/2居,建面 76~134m²,在售,普通住宅,6000,
西安,三迪枫丹,/loupan/p_sdfdaaect/,南三环与五典坡路交汇处向东200米,4居/3居/2居,建面 83~139m²,在售,普通住宅,6500,
西安,中海凯旋门,/loupan/p_aajlt/,南三环与芙蓉西路十字东南角,4居/3居/2居,建面 82~166m²,在售,普通住宅,9200,
西安,华东万悦城,/loupan/p_hdwycaainc/,朝阳门外向东300米路南,2居,建面 93~96m²,在售,普通住宅,8500,
西安,大唐新干线,/loupan/p_dtxgxaamlu/,泾渭南路泾河管委会旁,4居,建面 137m²,在售,普通住宅,2980,
西安,万科东方传奇,/loupan/p_wkdfcqaahle/,雁翔路与黄渠头路十字交汇向东200米,5居/4居/3居/2居,建面 83~173m²,在售,普通住宅,10000,
西安,万科金域东郡,/loupan/p_wkjydjaaadl/,东二环与北二环交汇处东南角,3居,建面 86~130m²,在售,普通住宅,8900,
西安,金科天籁城,/loupan/p_jktlcaahlo/,太华北路与凤城二路十字东侧万达广场旁,4居/3居/2居,建面 86~143m²,在售,普通住宅,7800,
西安,合能公馆,/loupan/p_aajsh/,西部大道与子午大道交汇处向南500米,4居/3居,建面 94~124m²,在售,普通住宅,7300,
西安,白桦林间,/loupan/p_bhljaadam/,明光路与凤城九路交会处西南角,3居,建面 130~144m²,在售,普通住宅,9000,
西安,保利爱尚里,/loupan/p_blaslaavjn/,丈八北路与科技六路十字东南角,4居/3居/2居,建面 90~141m²,在售,普通住宅,8000,
西安,西岸国际花园西苑,/loupan/p_xagjhyxyaakpl/,广安路与广运潭十字向东50米,3居/2居,建面 83~132m²,在售,普通住宅,6000,
西安,北城新天地,/loupan/p_aajps/,西高路与桑军大道交汇大转盘西南角,3居/2居,建面 86~127m²,在售,普通住宅,2900,
西安,万国远鉴名筑,/loupan/p_wgyjmzaanga/,枣园西路219号,3居/2居/1居,建面 44~125m²,在售,普通住宅,6000,
西安,天地源丹轩梓园,/loupan/p_tdydxzyaacxz/,科技二路与高新路交汇处,,,在售,普通住宅,25000,
西安,万科城市之光,/loupan/p_wkcszgaamev/,南三环与芙蓉西路交汇处向南300米,4居/3居,建面 91~330m²,在售,普通住宅,8500,
西安,荣民宫园中央,/loupan/p_rmgyzyaaadr/,未央路与玄武路十字东南角200米,3居,建面 118m²,在售,普通住宅,8300,
西安,自然界城墅,/loupan/p_aajpn/,浐河东路中段（欧亚大道与浐河东路十字向南1公里）,5居/4居/3居/2居,建面 183~310m²,在售,普通住宅,10000,
西安,中贸广场,/loupan/p_zmgcaakpk/,南关正街与友谊路十字路口向北280米路西,4居/3居/2居,建面 91~204m²,在售,普通住宅,12000,
西安,万科大明宫,/loupan/p_wkdmglyaacro/,玄武路与太华路十字向西100米路北,4居/3居,建面 137~197m²,在售,普通住宅,13500,
西安,逸翠园,/loupan/p_ycyaaqju/,锦业二路10号,6居/5居/4居,建面 300~388m²,在售,别墅,,500
西安,万达西安ONE,/loupan/p_wdxaoaautp/,唐延路与科技六路交汇处（东南角）,4居/3居,建面 131~192m²,在售,普通住宅,12000,
西安,白桦林明天,/loupan/p_bhlmtaabwh/,大明宫国家遗址公园东南侧,5居/4居/3居/2居,建面 90~410m²,在售,普通住宅,9300,
西安,高山流水和城,/loupan/p_gslshcaalgk/,太白南路与丈八东路交汇处,,,在售,普通住宅,7000,
西安,名京九合院,/loupan/p_aakcb/,未央路公交六公司对面未央大道西侧100米,3居,建面 134m²,在售,普通住宅,8000,
西安,卢卡小镇,/loupan/p_lkxzaaikb/,泾河新城秦汉大道西侧,3居,建面 174m²,在售,别墅,,130
西安,万科翡翠天誉,/loupan/p_wkfctyaasfa/,科技二路与丈八北路交汇,3居,建面 133m²,在售,普通住宅,11000,
西安,西安深国投中心,/loupan/p_aajre/,龙首村十字东北角,,,在售,普通住宅,8800,
西安,坚果公寓,/loupan/p_jggyaarmd/,三府湾客运站向东300米（华清西路北侧）,2居/1居,建面 35~72m²,在售,商业类,6700,
西安,曲江龙邸,/loupan/p_qjldaaksp/,雁翔路与南三环交汇处向西50米,4居/3居/2居,建面 88~182m²,在售,普通住宅,7500,
西安,建邦华庭,/loupan/p_aajkx/,科技六路与太白南路交汇处西南角,3居,建面 152m²,在售,普通住宅,15000,
西安,万科金域国际,/loupan/p_wkjygjaaqaz/,科技三路高新一小旁,2居/1居,建面 35~70m²,在售,商业类,14000,
西安,合能朱阙,/loupan/p_hnzqaaqvk/,朱雀大街72号,,,在售,商业类,7800,
西安,恒大翡翠华庭,/loupan/p_hdfchtaaudm/,大庆路与枣园南路交汇处南,1居,建面 51m²,在售,商业类,7200,
西安,泾渭分明生态半岛,/loupan/p_aajfx/,长庆东路东段路南（水岸花城附近）,3居/2居,建面 83~116m²,在售,普通住宅,4600,
西安,西安印象,/loupan/p_xayxaaofb/,未央路和凤城九路十字东南角,5居/3居/2居,建面 96~226m²,在售,普通住宅,6500,
西安,高科朗山,/loupan/p_gklsaadau/,团结南路与科技七路交汇处 ,4居,建面 187m²,在售,普通住宅,14000,
西安,国金华府,/loupan/p_gjhfkaahln/,凤城八路与文景路十字交汇处西南角,4居/3居,建面 147~220m²,在售,普通住宅,8500,
西安,罗马景福城,/loupan/p_lmjfcaaikj/,丈八东路与丈八四路交汇处西北角,3居/2居,建面 86~129m²,在售,普通住宅,7300,
西安,雅居乐御宾府,/loupan/p_aajek/,新开门南路与曲江池南路十字西南角,4居/3居,建面 133~339m²,在售,普通住宅,11000,
西安,贰号大院,/loupan/p_ehdyaaqks/,凤城七路与永徽路十字西北角（未央路以东）,4居/3居,建面 135~163m²,在售,普通住宅,8000,
西安,青城,/loupan/p_qcaaijy/,东仪路南段西侧（韦曲建材街与东仪路交汇西北口）,4居/3居/2居,建面 79~165m²,在售,普通住宅,6700,
西安,荣禾曲池东岸,/loupan/p_aajlw/,新开门南路东侧,4居,建面 190m²,在售,普通住宅,12300,
西安,伟业公馆,/loupan/p_wyggaacxf/,科技路与高新六路交汇处东北角,3居/2居,建面 90~139m²,在售,普通住宅,9000,
西安,曲江华著中城,/loupan/p_qjhzzcaagsi/,雁翔路与雁曲五路交汇处曲江大道东,5居/4居/3居/2居,建面 90~313m²,在售,普通住宅,9600,
西安,华润二十四城,/loupan/p_hresscaacwg/,三桥新街地铁一号线B出口向西400米,3居,建面 123m²,在售,普通住宅,6300,
西安,满堂悦MOMA,/loupan/p_mtymaarcb/,锦业路与西三环交汇处西南角,3居,建面 89~96m²,在售,普通住宅,8200,
西安,新旅城,/loupan/p_xlcaalrg/,建设西路323医院对面,1居,建面 44~52m²,在售,普通住宅,6700,
西安,绿地国际花都,/loupan/p_ldgjhdaahlq/,科技路西段富鱼路与西三环交汇处,3居/2居,建面 78~147m²,在售,普通住宅,7700,
西安,紫薇曲江意境,/loupan/p_zwqjyjaadti/,芙蓉东路与寒窑路十字北400米,3居,建面 225m²,在售,普通住宅,9300,
西安,高新大都荟,/loupan/p_aajrz/,科技路与高新四路十字西北角,4居/3居/2居/1居,建面 25~135m²,在售,普通住宅,8500,
西安,龙湖源著,/loupan/p_lhyzaaumg/,北辰大道与浐灞一路交汇处向东300米,5居/4居/3居,建面 142~251m²,在售,普通住宅,9000,
西安,莱安逸珲,/loupan/p_layhaacwa/,大寨路6号,5居/2居,建面 192~194m²,在售,普通住宅,10000,
西安,奥林匹克花园,/loupan/p_alpkhyaafxi/,绕城高速与世纪大道交汇处西北角,3居/2居,建面 70~110m²,在售,普通住宅,5800,
西安,金地褐石公馆,/loupan/p_jdhsggaacbu/,雁塔南路与南三环十字向东3000米,4居/2居,建面 77~137m²,在售,普通住宅,7300,
西安,中铁缤纷新城,/loupan/p_ztbfxcaacgi/,纺西街108号（原西北国棉六厂）,4居/3居/2居,建面 86~122m²,在售,普通住宅,5500,
西安,金辉公园里,/loupan/p_jhgylaardo/,曲江池东路与金羊路十字交汇处西南角（金辉世界城向东800米）,4居/3居,建面 116~157m²,在售,普通住宅,8000,
西安,普华浅水湾,/loupan/p_phqswaabzb/,柳烟路（灞河公园西邻）,3居/2居,建面 79~124m²,在售,普通住宅,6500,
西安,华府西城港湾,/loupan/p_aajgh/,大庆路西段与汉城路十字西北侧,3居/2居/1居,建面 43~125m²,在售,普通住宅,6000,
西安,坤元TIME,/loupan/p_aajtc/,太白南路与电子三路交汇处路西,4居/3居/2居,建面 80~131m²,在售,普通住宅,9300,
西安,国色天香,/loupan/p_gstxaaimj/,韦郭路989号陕师大长安校区正对面,6居/3居,建面 140~206m²,在售,普通住宅,7500,
西安,天琴湾,/loupan/p_aajsz/,创汇路34号,3居,建面 93m²,在售,普通住宅,7000,
西安,城市锦上,/loupan/p_csjsaadtp/,凤城一路与明光路十字向西50米,3居,建面 99m²,在售,普通住宅,7700,
西安,嘉禾广运,/loupan/p_jhgydxaabtr/,丈八五路与瞪羚路十字东南角,3居/2居,建面 67~109m²,在售,普通住宅,7600,
西安,永和璞玉,/loupan/p_yhpyaaild/,丈八北路与科技四路十字向南50米路东,4居/3居,建面 138~225m²,在售,普通住宅,10000,
西安,中铁琉森水岸,/loupan/p_ztlssaaabrg/,东城大道灞桥湿地公园里,5居/4居/3居,建面 129~180m²,在售,普通住宅,7500,
西安,湾流,/loupan/p_wlaapgs/,欧亚大道，灞河东岸,5居/4居/3居,建面 213~395m²,在售,别墅,,600
西安,万科高新华府,/loupan/p_wkgxhfaacsp/,西沣路与雁环路交汇处东北角,4居/3居,建面 88~168m²,在售,普通住宅,9500,
西安,林邑,/loupan/p_aajqz/,二环北路与二环东路交汇处（辛家庙地铁站向东300米）,3居/2居,建面 77~125m²,在售,普通住宅,6400,
西安,九锦台,/loupan/p_jjtaaabd/,含光北路23号,4居,建面 230m²,在售,普通住宅,11000,
西安,海德堡PARK,/loupan/p_aajmn/,雁翔路与南三环交汇处东北角,4居,建面 128~200m²,在售,普通住宅,8500,
西安,华龙太乙城,/loupan/p_aajgg/,太乙路立交东北角,2居,建面 82~96m²,在售,普通住宅,7800,
西安,群贤道九號,/loupan/p_qxdjaaima/,南二环与高新四路交汇处向西300米路南,4居/3居/2居,建面 94~219m²,在售,普通住宅,12000,
西安,景寓学府,/loupan/p_jyxfaailr/,丰庆路东口（西安汽车站对面）,2居/1居,建面 43~84m²,在售,普通住宅,8300,
西安,金辉悦府,/loupan/p_aajld/,丈八北路与昆明路十字向西200米,4居,建面 141m²,在售,普通住宅,7500,
西安,伊顿公馆,/loupan/p_ydggaadry/,友谊西路白庙路99号,3居/2居,建面 91~147m²,在售,普通住宅,13500,
西安,御锦城时代ICON,/loupan/p_yjcsdiaardn/,浐河东岸东三环与长乐东路交汇处西北角,3居/2居,建面 79~143m²,在售,普通住宅,6700,
西安,振业泊公馆,/loupan/p_zybggaacyw/,广安路800号,3居,建面 92~140m²,在售,普通住宅,7000,
西安,太奥广场,/loupan/p_tagcaacxq/,丰禾路西口与二环交接处,4居/3居/2居,建面 76~126m²,在售,普通住宅,8000,
西安,国宾中央区,/loupan/p_gbzyqaareb/,丈八北路陕西宾馆正北侧,1居,建面 43~52m²,在售,商业类,6700,
西安,和众曲江城阅,/loupan/p_hzqjcyaaccf/,雁翔路与黄渠头路交汇处东北角,8居/4居,建面 177~245m²,在售,普通住宅,9500,
西安,凤城一号,/loupan/p_fcyhaallq/,凤城一路与文景路十字东北角,,,在售,普通住宅,5950,
西安,赛高悦府,/loupan/p_sgyfaarjx/,未央路与凤城七路十字西侧,,,在售,商业类,14000,
西安,双威理想城,/loupan/p_swlxckaacuw/,未央路178号（未央大道与凤城七路交汇处西南角）,1居,建面 43~61m²,在售,普通住宅,7500,
西安,恒大江湾,/loupan/p_hdjwaahui/,灞河西路与北三环十字西南角,3居/2居/1居,建面 48~137m²,在售,普通住宅,7200,
西安,白桦林印象,/loupan/p_bhlyxaacvp/,世纪大道与桃李路交汇处西南角,3居,建面 130m²,在售,普通住宅,5700,
西安,鑫苑大都汇,/loupan/p_xyddhaadap/,西二环与丰禾路交汇处向东300米,,,在售,普通住宅,7000,
西安,恒基碧翠锦华,/loupan/p_hjbcjhaacpd/,金花北路299号（胡家庙十字东北角）,2居,建面 93~97m²,在售,普通住宅,7600,
西安,绿地曲江名城,/loupan/p_ldqjmcaahnr/,西影路与公园南路向南500米,5居/2居,建面 89~179m²,在售,普通住宅,6900,
西安,龙湖香醍西岸,/loupan/p_lhxtxaaamxc/,浐河西路中段半坡湖酒店北侧,4居/3居,建面 142~170m²,在售,普通住宅,10000,
西安,首创漫香郡,/loupan/p_scmxjaaegl/,凤城十一路北文景路以东,5居/3居/2居,建面 96~300m²,在售,普通住宅,12500,
西安,香江湾,/loupan/p_xjwaacyd/,灞河西路向东南500米,5居/4居/3居/2居,建面 110~282m²,在售,普通住宅,7400,
西安,星雨华府,/loupan/p_xyhfaaduq/,尚苑路与朱宏路交汇处西南角,3居/2居,建面 90~160m²,在售,普通住宅,6300,
西安,龙记观澜国际,/loupan/p_ljglgjaaikn/,科技二路与高新六路十字西南角,3居/2居,建面 82~136m²,在售,普通住宅,7800,
西安,万象春天,/loupan/p_wxctaailh/,电子正街南延伸段,2居,建面 78~80m²,在售,普通住宅,7300,
西安,天地源曲江香都,/loupan/p_tdyqjxdaacyq/,南三环与曲池东路（南段）交汇处,3居/2居,建面 77~118m²,在售,普通住宅,7500,
西安,金地湖城大境,/loupan/p_jdhcdjaahcw/,曲江池西路与曲江池南路交汇处东北角,4居,建面 243~262m²,在售,普通住宅,13000,
西安,御锦城九珑湾,/loupan/p_undefinedaarfv/,长乐东路与浐河交汇处地铁1号线浐河站,3居/2居,建面 80~115m²,在售,普通住宅,6500,
西安,中铁立丰城市生活广场,/loupan/p_ztlfgjgcaaklk/,丈八东路与子午大道十字西南角,3居/2居/1居,建面 32~87m²,在售,普通住宅,8700,
西安,龙城铭园国际社区,/loupan/p_aajfh/,丈八北路89号(科技二路西口),3居/2居,建面 69~135m²,在售,普通住宅,7500,
西安,滨水花城,/loupan/p_aajkr/,广运潭大道向东100米,3居/2居,建面 84~103m²,在售,普通住宅,4800,
西安,华清学府城,/loupan/p_hqxfcaadtq/,幸福南路与建工路交汇处（千亩幸福林带以东）,3居/2居,建面 86~136m²,在售,普通住宅,6600,
西安,绿地香树花城,/loupan/p_ldxshckaahnl/,东北二环交汇处红星美凯龙北侧200米,6居/5居/4居/3居/2居,建面 76~275m²,在售,普通住宅,6500,
西安,天丰东环广场,/loupan/p_aajdg/,矿山路十字西南角向南200米,4居/3居/2居,建面 92~151m²,在售,普通住宅,6200,
西安,中航樾公馆,/loupan/p_zhyggaaufb/,未央路与玄武路交汇处向东约500米路北,,,在售,普通住宅,12000,
西安,恒大帝景,/loupan/p_hddjaaajo/,凤城五路与太华路十字东500米,4居/3居/2居,建面 75~141m²,在售,普通住宅,8700,
西安,灞业大境,/loupan/p_bydjaaino/,长乐东路地铁一号线长乐坡站向南500路西,3居/2居/1居,建面 46~135m²,在售,普通住宅,5300,
西安,亿润领城,/loupan/p_yrlcaaimb/,大庆西路81号,3居/2居,建面 68~130m²,在售,普通住宅,6400,
西安,红星美凯城,/loupan/p_hxmkcaalxt/,北辰大道与凤城一路交汇处,3居/2居,建面 77~112m²,在售,普通住宅,5500,
西安,金泰新理城,/loupan/p_jtxlcaadme/,丈八四路与西户公路交汇处西北角,3居,建面 128m²,在售,普通住宅,8000,
西安,星河湾,/loupan/p_xhwaadbf/,秦汉新城兰池大道中段,4居/3居,建面 134~376m²,在售,普通住宅,9000,
西安,融创天朗珑府,/loupan/p_rctllfaashq/,西沣路与西部大道十字东北角,4居,建面 176m²,在售,普通住宅,9000,
西安,枫林九溪,/loupan/p_fljxaabuh/,迎宾大道西侧,4居/3居/2居,建面 88~174m²,在售,普通住宅,5700,
西安,曲江汉华城,/loupan/p_qjhhcaagtz/,曲江大道与雁曲五路交汇处向东200米,,,在售,普通住宅,9200,
西安,东城新一家,/loupan/p_dcxyjaaijz/,纺渭路与纺北路十字东北角（灞河湿地公园以西）,3居/2居,建面 82~121m²,在售,普通住宅,5400,
西安,龙湖香醍天宸,/loupan/p_lhxttcaarfd/,长乐路与长天路交汇向东1000米（西工大附小龙湖分校南侧&#41;,4居,建面 172~195m²,在售,别墅,,350
西安,鼎正大都城,/loupan/p_aajgs/,凤城八路与朱宏路十字东南角,3居/2居,建面 91~141m²,在售,普通住宅,6800,
西安,高科绿水东城,/loupan/p_lsdcaaume/,纺渭路与席王路十字北1公里路西,4居/3居/2居,建面 66~142m²,在售,普通住宅,6518,
西安,天朗大兴郡蔚蓝君城,/loupan/p_tldxjwljcaapum/,梨园路与劳动北路东南角,,,在售,普通住宅,9000,
西安,山水悦庭,/loupan/p_ssytaaimc/,神舟五路与飞天路交汇处西南角,3居,建面 137m²,在售,普通住宅,6000,
西安,紫薇东进,/loupan/p_zwdjaadaw/,大明宫国家遗址公园旁含元路东600米（八府庄北路）,3居/2居,建面 86~135m²,在售,普通住宅,7000,
西安,海伦国际,/loupan/p_hlgjaafwd/,西影路铁设院向东200米,4居,建面 156m²,在售,普通住宅,6600,
西安,悦美国际,/loupan/p_ymgjaacsb/,子午大道与西部大道十字西南角,3居/2居,建面 58~124m²,在售,普通住宅,7300,
西安,曲江紫金城,/loupan/p_qjzjcaabkp/,长鸣路与南三环十字西北角中段,3居/2居,建面 87~117m²,在售,普通住宅,5900,
西安,保利心语花园,/loupan/p_blxyhyaasvk/,北辰大道与浐灞二路十字向东400米（西大附中浐灞中学旁）,4居/3居/2居,建面 92~141m²,在售,普通住宅,6000,
西安,科达东御兰汀,/loupan/p_kddyltaaikf/,东二环石家街转盘向北50米,4居/3居/2居/1居,建面 33~147m²,在售,普通住宅,6800,
西安,阳光城壹号蔷薇溪谷,/loupan/p_aajph/,世纪大道与上林路十字向北500米,,,在售,别墅,,130
西安,龙湖花千树,/loupan/p_lhhqsaailf/,航天经济技术开发区神舟四路与航创路十字东南角,3居,建面 93~150m²,在售,普通住宅,,290
西安,80年代,/loupan/p_aakaz/,东二环与东元路的交叉口,3居/2居/1居,建面 57~138m²,在售,普通住宅,6500,
西安,万象国际公寓,/loupan/p_aaqnr/,长安西路与电子正街交汇处向东200米,0居,建面 45m²,在售,普通住宅,7300,
西安,西安航天城,/loupan/p_xahtcbqaakpi/,神州六路6号,4居/3居,建面 131~182m²,在售,普通住宅,5900,
西安,广厦水岸东方,/loupan/p_gxsadfaaczi/,长乐路浐河东岸地铁1号线浐河站A1出口,4居/3居,建面 133~185m²,在售,普通住宅,5500,
西安,上和郡,/loupan/p_shjaamms/,石家街东园西路11号,,,在售,普通住宅,6000,
西安,荣民宫园美寓,/loupan/p_rmgymyaasjj/,未央路北稍门站（地铁安远门D口,2居/1居,建面 50~97m²,在售,商业类,9500,
西安,麟凤尊汇,/loupan/p_lfzhaaiko/,凤城六路与开元路十字西北角,4居/3居,建面 94~134m²,在售,普通住宅,7000,
西安,宏府麒麟山,/loupan/p_aajgm/,丈八北路和大寨路十字西300米处,3居/2居/1居,建面 42~124m²,在售,普通住宅,6200,
西安,翰骊国际,/loupan/p_aajpq/,幸福南路与西影路东段交汇处,3居/2居/1居,建面 33~118m²,在售,普通住宅,6100,
西安,昆明时光,/loupan/p_aajwp/,昆明路石桥立交西出口,,,在售,普通住宅,4600,
西安,颐馨湿地壹號,/loupan/p_yxsdyaaind/,秦汉大道与灞河东路交汇处向北200米,3居/2居,建面 81~147m²,在售,普通住宅,4680,
西安,唐樾六和坊,/loupan/p_tylhfaamwh/,大明宫遗址公园东侧1000米,3居/2居,建面 95~158m²,在售,普通住宅,7600,
西安,凤城九号,/loupan/p_fcjhaadav/,凤城九路与未央路交汇处,4居/2居/1居,建面 45~173m²,在售,普通住宅,9000,
西安,新兴新庆坊,/loupan/p_xxxqfaadaa/,互助路66号,,,在售,普通住宅,8500,
西安,首府尚苑,/loupan/p_sfsyaalqy/,凤城八路东段政务中心北200米路西,3居/2居/1居,建面 56~147m²,在售,普通住宅,6800,
西安,浐灞1号,/loupan/p_aajlc/,东二环北延伸线与浐灞大道交汇处,3居/2居,建面 54~145m²,在售,普通住宅,6500,
西安,秦岭北麓,/loupan/p_qlblaalmy/,秦汉新城兰池大道15号,5居/4居/3居,建面 89~235m²,在售,普通住宅,6500,
西安,东城国际,/loupan/p_aajrj/,纺渭路与灞瑞二路交汇处,3居/2居,建面 91~130m²,在售,普通住宅,6000,
西安,阳光台365,/loupan/p_ygt365aagtv/,大白杨路与桃园北路交汇处,4居/3居/2居/1居,建面 54~135m²,在售,普通住宅,6400,
西安,高科麓湾国际社区,/loupan/p_gklwgjsqaagwh/,浐河东路南端&#40;雁鸣湖东岸&#41;,4居/3居/2居,建面 82~180m²,在售,普通住宅,6500,
西安,天地源香都东岸,/loupan/p_tdyxddaaafdc/,南三环与曲池东路（南段）交汇处向东,4居/3居,建面 107~202m²,在售,普通住宅,8300,
西安,保利曲江春天里,/loupan/p_blqjctlaasvb/,南三环与雁引公路交汇处西南角,4居/3居,建面 97~128m²,在售,普通住宅,6700,
西安,合能十里锦绣,/loupan/p_sljxaaqna/,东三环与半引路南端交汇处,3居,建面 90~91m²,在售,普通住宅,5100,
西安,保利金香槟,/loupan/p_bljxbaasvi/,三桥新街与建章路十字西南角,1居,建面 41~57m²,在售,商业类,6000,
西安,新福兴纽约城,/loupan/p_aajeo/,北二环与朱宏路十字向南500米路东,3居,建面 129~143m²,在售,普通住宅,6500,
西安,高新骊山下的院子,/loupan/p_gxlsxdyzaamjf/,凤凰大道与芷阳三路交汇处,4居/3居/1居,建面 36~178m²,在售,普通住宅,12000,
西安,东方米兰国际城,/loupan/p_dfmlgjcaagto/,富鱼路经十三路交汇处西南角,4居/3居/2居,建面 85~176m²,在售,普通住宅,8200,
西安,开远半岛广场,/loupan/p_kybdgcaamjn/,土门坊和沣惠南路交汇处北侧,4居/3居/2居,建面 88~148m²,在售,普通住宅,7000,
西安,世茂轩府,/loupan/p_smxfaasdy/,凤城四路与明光路十字向西200米路北,5居/4居/3居,建面 136~280m²,在售,普通住宅,8500,
西安,金地西沣公元,/loupan/p_jdxfgyaahnp/,西沣路与西部大道十字向东1000米,4居/3居,建面 90~143m²,在售,普通住宅,7800,
西安,招商依云曲江,/loupan/p_zsyyqjaadba/,南三环与曲江池东路交汇处东南角3000米,4居/3居,建面 92~143m²,在售,普通住宅,6800,
西安,金辉世界城,/loupan/p_jhsjcaagqm/,雁塔南路与南三环交汇处,4居/3居/2居,建面 75~155m²,在售,普通住宅,9500,
西安,万象湾,/loupan/p_aajnk/,纺渭路与柳新路十字东南角&#40;铁一中滨河校区对面）,,,在售,普通住宅,6500,
西安,恒大御景,/loupan/p_hdyjaacdw/,欧亚大道与灞河东路交汇处东南角,,,在售,普通住宅,7500,
西安,大兴九臻,/loupan/p_aajla/,大兴东路18号,2居,建面 80~115m²,在售,普通住宅,6500,
西安,中铁缇香郡,/loupan/p_zttxjaagtl/,广运潭大道与矿山路交汇东南处,3居/2居,建面 95~117m²,在售,普通住宅,5700,
西安,吉源美郡国际城,/loupan/p_jymjgjcaaiml/,长兴南路,3居/2居/1居,建面 47~110m²,在售,普通住宅,6000,
西安,华远枫悦,/loupan/p_hyfyaaroy/,凤城五路与太华路十字向东400米路北,3居,建面 90~125m²,在售,普通住宅,7200,
西安,紫园sunny,/loupan/p_zysaanai/,航天大道与航天西路什字东南角,3居/2居/1居,建面 51~114m²,在售,普通住宅,5300,
西安,利君未来城,/loupan/p_ljwlcaabkv/,北辰立交西南侧（梁家堡附近）,3居/2居,建面 80~119m²,在售,普通住宅,5000,
西安,高新尚居,/loupan/p_gxsjaaknn/,西三环与科技八路交汇处东南角,3居/2居,建面 82~98m²,在售,普通住宅,4750,
西安,罗马西西里,/loupan/p_aajsg/,丈八六路与西户公路交叉口西侧,4居/3居/2居/1居,建面 60~152m²,在售,普通住宅,6600,
西安,龙湖曲江畔,/loupan/p_lhqjpaarwy/,神舟四路与航创路十字东南角,4居/3居,建面 140~209m²,在售,普通住宅,8000,
西安,盛世长安,/loupan/p_sscaaalfh/,郭杜北街与郭杜东街交汇处,3居/2居,建面 95~100m²,在售,普通住宅,5800,
西安,华旗东郡,/loupan/p_hqdjaaphv/,兴工东路和公园北路十字交汇处,3居/2居,建面 89~140m²,在售,普通住宅,6000,
西安,春晓华苑,/loupan/p_cxhyaacwd/,团结西路36号,3居/2居,建面 92~130m²,在售,普通住宅,6100,
西安,陆港金海岸,/loupan/p_lgjhakaaimd/,西滨大道1号,3居,建面 160~185m²,在售,普通住宅,6600,
西安,腾业国王镇,/loupan/p_gwzkaagub/,纺渭西路十字往北50米,3居/2居/1居,建面 37~144m²,在售,普通住宅,5500,
西安,林河春天2期爱度筑区,/loupan/p_lhctadzqaalpq/,纺渭路与纺北路十字向南200米,3居/2居/1居,建面 51~124m²,在售,普通住宅,5000,
西安,长乐府,/loupan/p_aajlb/,地铁一号线长乐坡站路南200米,3居/2居/1居,建面 50~138m²,在售,普通住宅,6400,
西安,林凯城,/loupan/p_lkcaalrc/,秦皇路一号桥南陈阳寨转盘东北角,4居/3居/2居,建面 79~137m²,在售,普通住宅,4900,
西安,永泽五里州,/loupan/p_yzwlzaaliz/,纺织城地铁站向北500米处,3居/2居,建面 91~130m²,在售,普通住宅,5100,
西安,曲江观山悦,/loupan/p_qjgsyaakup/,雁塔南路与杜陵东路交汇十字东北,4居/3居,建面 140~252m²,在售,普通住宅,7000,
西安,和平春天,/loupan/p_hpctaamma/,红光路和平村和平大道路西,,,在售,普通住宅,6000,
西安,华豪花园洋房,/loupan/p_aakas/,湖滨路华浮宫酒店西侧,,,在售,普通住宅,5100,
西安,汇通太古城,/loupan/p_httgcaalxu/,凤城十二路与文景路交汇处向东150米,4居/3居/2居,建面 93~178m²,在售,普通住宅,6300,
西安,西港碧水湾,/loupan/p_xgbswaamau/,西航花园向北500米处秦汉大道北,3居/2居,建面 91~125m²,在售,普通住宅,4600,
西安,朝阳国际广场,/loupan/p_zygjgcaalfx/,长乐西路166号,,,在售,普通住宅,8600,
西安,双府新天地,/loupan/p_aakau/,西二环任家口站路西300米,2居,建面 89~104m²,在售,普通住宅,5700,
西安,金宇蓝苑,/loupan/p_jylyaalze/,郭杜北街,3居,建面 114~119m²,在售,普通住宅,5400,
西安,华阳玲珑苑,/loupan/p_hyllyaapid/,纺渭路与长乐东路十字西北角,3居/2居,建面 82~110m²,在售,普通住宅,6100,
西安,早安林莊,/loupan/p_zalzaaphj/,郭杜南街198号 （长安国际企业总部南侧100米）,3居,建面 136~156m²,在售,普通住宅,6500,
西安,枫溪美郡,/loupan/p_aajdb/,沣西新城统一大道西段，西部云谷旁,6居/5居/4居/3居,建面 172~396m²,在售,别墅,,
西安,大兴新悦城,/loupan/p_dxxycaagog/,西二环与大兴西路交汇处向西1000米,3居/2居,建面 80~118m²,在售,普通住宅,5200,
西安,开元第一城,/loupan/p_aajfu/,凤城九路与明光路十字向西300米,4居,建面 143m²,在售,普通住宅,6600,
西安,维也纳森林,/loupan/p_wynslaalqr/,高陵泾河工业园昭慧广场旁50米,5居/4居/3居/2居,建面 41~218m²,在售,普通住宅,3100,
西安,隆源国际城,/loupan/p_aajdq/,尚新路与尚贤路交汇处（北客站东900米）,4居/3居,建面 80~136m²,在售,普通住宅,5800,
西安,鼎诚馥桂园,/loupan/p_dcfgyaaklz/,枣园南路与枣园西路路口往南100米,4居/3居/2居,建面 74~132m²,在售,普通住宅,6400,
西安,暻秀天下,/loupan/p_aajgr/,泾渭中路19号（马家湾十字向南200米）,3居/2居,建面 67~97m²,在售,普通住宅,3500,
西安,中冶一曲江山,/loupan/p_zyyqjsaaeff/,曲江大道以东（西安理工大学曲江校区南侧）,5居/4居/3居/2居,建面 90~218m²,在售,普通住宅,9500,
西安,旭弘同德国际,/loupan/p_xhtdgjaaqcb/,汉城南路与团结西路西南角,1居,建面 29~48m²,在售,商业类,6500,
西安,中海城,/loupan/p_aajws/,南三环与芙蓉西路十字路口东南角,3居/2居/1居,建面 68~118m²,在售,普通住宅,7700,
西安,天朗大兴郡蔚蓝悦城,/loupan/p_tldxjwlycaaswq/,大兴东路与桃园北路十字西北角,3居/2居,建面 69~126m²,在售,普通住宅,7300,
西安,高新水晶卡芭拉,/loupan/p_gxsjkblaaumi/,凤城八路与渭滨路十字西北角,4居,建面 144m²,在售,普通住宅,7000,
西安,曲江公馆和园,/loupan/p_qjgghyaaxpu/,曲江池东路与曲江池北路交汇处东北角,,,在售,别墅,,1300
西安,振业泊岸,/loupan/p_zybaaatnr/,世博大道以东,6居/5居/4居/3居,建面 135~230m²,在售,普通住宅,8200,
西安,香榭兰岛,/loupan/p_xxldaaxdg/,科技六路与木塔一路交汇处向南200米,3居/1居,建面 33~54m²,在售,商业类,19000,
西安,乔布斯公馆,/loupan/p_qbsggaaxsz/,大兴新区梨园路和生国际东邻,,,在售,普通住宅,9500,
西安,南飞鸿广场,/loupan/p_nfhgcaaxxc/,南三环与朱雀大街十字东南角,,,在售,商业类,11000,
西安,绿地与湖,/loupan/p_ldyhaapgt/,雁鸣湖浐河西路,5居/4居/3居/2居,建面 84~313m²,在售,别墅,,
西安,紫楹台,/loupan/p_zytaaxum/,灞桥生态湿地公园柳烟路与柳新路交汇处,,,在售,别墅,,
西安,就掌灯,/loupan/p_jzdaaxwl/,金花北路六号,,,在售,普通住宅,12000,
西安,铭城国际社区,/loupan/p_mcgjsqaaxya/,大寨路与丈八北路十字向西500米处,4居/3居,建面 144~188m²,在售,普通住宅,7200,
西安,融创天朗臻园,/loupan/p_rctlzyaayca/,丈八北路与昆明路十字向西约200米路北,,,在售,普通住宅,9000,
西安,金科世界城,/loupan/p_jksjcaaycj/,世纪大道与同文路十字向南600米,3居/2居,建面 76~127m²,在售,普通住宅,4200,
西安,锦舍公寓,/loupan/p_jsgyaaydf/,凤城一路东段168号,,,在售,普通住宅,9000,
西安,融创天朗融公馆,/loupan/p_rctlrggaaycd/,长鸣路与南三环交汇处向东300米路北,,,在售,别墅,,
西安,阳光城壹号巴塞阳光,/loupan/p_ygcbsygaaxco/,沣东新城世纪大道北侧,,,在售,普通住宅,4800,
西安,自然界云栖,/loupan/p_zrjyqaaycl/,浐河东路中段,,,在售,普通住宅,6800,
西安,长安壹品,/loupan/p_caypaayfn/,含光北路23号,,,在售,普通住宅,9000,
西安,江林新城,/loupan/p_jlxcaaygb/,子午大道与南三环交汇处,,,在售,普通住宅,5300,
西安,启迪国际城仕家,/loupan/p_qdgjcsjaayfi/,世纪大道中段与韩非路交接十字东北角,,,在售,普通住宅,4800,
西安,启迪国际城逸居,/loupan/p_qdgjcyjaayfj/,世纪大道中段55号,,,在售,普通住宅,4500,
西安,阳光城壹号西西安小镇,/loupan/p_ygcyhxxaxzaayfs/,秦都区西咸新区世纪大道北侧,,,在售,别墅,,
西安,唐顿庄园,/loupan/p_tdzyaaygc/,公园南路与黄渠头南路交汇处西北角,3居/2居,建面 73~93m²,在售,普通住宅,7800,
西安,世园大公馆,/loupan/p_sydggaaxld/,世博大道与东三环交汇处向东800米,,,在售,别墅,,
西安,紫薇花园洲,/loupan/p_zwhyzaayft/,世博大道与欧亚大道十字向东500米,,,在售,别墅,,
西安,佳龙大沃城,/loupan/p_jldwcaaaib/,世纪大道与上林路十字东南角,3居/2居,建面 69~127m²,在售,普通住宅,4900,
西安,紫薇花园洲,/loupan/p_zwhyzaadcb/,世博大道与欧亚大道十字向东500米,3居/2居,建面 81~116m²,在售,普通住宅,5800,
西安,世园大公馆,/loupan/p_sydggaagtk/,世博大道与东三环交汇处向东800米,4居,建面 172m²,在售,普通住宅,7000,
西安,紫楹台,/loupan/p_aajqn/,灞桥生态湿地公园柳烟路与柳新路交汇处,5居/4居,建面 260~332m²,在售,普通住宅,9000,
西安,绿地与湖,/loupan/p_ldyhaamft/,雁鸣湖浐河西路,3居/2居,建面 84~130m²,在售,普通住宅,7000,
西安,国润城,/loupan/p_grcaaajc/,上林路与世纪大道交汇处十字西南角,4居/3居/2居,建面 79~199m²,在售,普通住宅,5500,
西安,湾流天悦,/loupan/p_wltyaaalb/,世博大道与欧亚大道交汇处,2居,建面 77~112m²,在售,普通住宅,5500,
西安,海伦春天,/loupan/p_hlctaacwo/,大庆路延伸段阿房一路东段,4居/3居/2居,建面 90~142m²,在售,普通住宅,5900,
西安,梧桐年华,/loupan/p_wtnhaailv/,阿房路与阿房一路交汇处向北200米,,,在售,普通住宅,5500,
西安,富力白鹭湾,/loupan/p_aajpj/,灞柳一路与纺园五路十字东南角,3居/2居,建面 86~103m²,在售,普通住宅,6800,
西安,逸翠园,/loupan/p_aajrr/,锦业二路10号,4居,建面 281m²,在售,普通住宅,9000,
西安,融创天朗融公馆,/loupan/p_rggaaqpy/,长鸣路与南三环交汇处向东300米路北,5居/4居/3居/2居,建面 66~258m²,在售,普通住宅,7500,
西安,国润城,/loupan/p_grcaaajc/,上林路与世纪大道交汇处十字西南角,4居/3居/2居,建面 79~199m²,在售,普通住宅,5500,
西安,世园大公馆,/loupan/p_sydggaagtk/,世博大道与东三环交汇处向东800米,4居,建面 172m²,在售,普通住宅,7000,
西安,逸翠园,/loupan/p_aajrr/,锦业二路10号,4居,建面 281m²,在售,普通住宅,9000,
西安,龙湖香醍天宸,/loupan/p_lhxttcaaraw/,长乐路与长天路交汇向东1000米（西工大附小龙湖分校南侧&#41;,4居/3居/2居,建面 69~124m²,在售,普通住宅,6500,
西安,天健望湖大观,/loupan/p_aajrb/,西二环与梨园路十字东南角,4居/3居/2居,建面 97~173m²,在售,普通住宅,6400,
西安,金地南湖艺境,/loupan/p_jdnhyjaavlj/,新开门南路与南三环十字东南角,,,在售,普通住宅,,
西安,中国铁建万科翡翠国际,/loupan/p_zgtjkfcgjaarfc/,曲江大道路东（曲江二小西侧）,3居/2居,建面 91~145m²,在售,普通住宅,,
西安,春城十八里,/loupan/p_ccsblaamxg/,秦汉新城兰池大道西段,6居/5居/4居/3居,建面 210~306m²,在售,别墅,,300
西安,阳光城丽兹公馆,/loupan/p_aajlx/,南三环和公园南路交汇西北角,4居/3居,建面 90~140m²,在售,普通住宅,,
西安,万科城润园,/loupan/p_wkcryaavyz/,学府大街与居安路十字东南角（陕师大长安校区南门正对面）,,,在售,普通住宅,,
西安,金辉C园,/loupan/p_aajly/,大兴东路中段（红庙坡向西700米路北）,3居/2居,建面 84~123m²,在售,普通住宅,,
西安,碧桂园嘉誉,/loupan/p_bgyjyaarjs/,未央路与凤城十路十字向东800米,4居/3居,建面 95~140m²,在售,普通住宅,,
西安,智慧新城,/loupan/p_aajiv/,南长安街中段向南50米处（地铁2号线始发站韦曲南站站口）,4居/3居/2居,建面 73~170m²,在售,普通住宅,,
西安,明威橡树湾,/loupan/p_mwxswaacaj/,东仪路南段与西部大道交汇处西南角,5居/4居/3居,建面 122~163m²,在售,普通住宅,,
西安,雅居乐铂琅峯,/loupan/p_yjyblaaina/,陕师大长安校区正北300米,4居,建面 314m²,在售,普通住宅,,
西安,恒大御龙湾,/loupan/p_hdylwaauty/,南三环与长鸣路十字向南300米路东,,,在售,普通住宅,,
西安,华远海蓝城,/loupan/p_hyhlcaacql/,东二环玄武东路中段,3居,建面 83~89m²,在售,普通住宅,,
西安,阳光城壹号西西里,/loupan/p_ygcxxlaaikp/,"世纪大道中段北边沣太八路以南,沣太二路以东",3居/2居,建面 78~118m²,在售,普通住宅,,
西安,绿地城,/loupan/p_ldcaagrv/,子午大道中段邮电大学向南800米,5居/3居,建面 167~213m²,在售,普通住宅,,
西安,海伦春天,/loupan/p_hlctaaxfk/,大庆路延伸段阿房一路东段,,,在售,别墅,,240
西安,融创天朗蘭园,/loupan/p_rctllyaattw/,大兴东路与大白杨南路交汇处西北角,,,在售,普通住宅,,
西安,雁鸣墅语,/loupan/p_ymsyaaxtk/,咸宁路与浐河西路什字南雁鸣湖畔,,,在售,普通住宅,,
西安,雁鸣墅语,/loupan/p_ymsyaaxrl/,咸宁路与浐河西路什字南雁鸣湖畔,5居,建面 896m²,在售,别墅,,651
石家庄,旅投福美十号院,/loupan/p_ltfmshyaaqly/,正阳路与太行大街交口西北角,4居/3居/2居,建面 84~189m²,在售,普通住宅,,
石家庄,众美凤凰绿都四期,/loupan/p_zmfhldsqaatga/,东二环与南二环交汇处路南,,,在售,商业类,8000,
石家庄,高远时光城,/loupan/p_gysgcaatpx/,裕华建通街与仓丰路交口南行500米路西,,,在售,商业类,8400,
石家庄,华润万象城,/loupan/p_hrwxcaaqcy/,中山西路与中华南大街交汇处东南角,,,在售,商业类,15000,
石家庄,天山九峯,/loupan/p_tsjfaanho/,建设大街与塔南路交口西行200米路南,5居,建面 290m²,在售,普通住宅,21000,
石家庄,公园壹号院,/loupan/p_aaoql/,兴安大街与宏达路交汇处东南角,3居,建面 129m²,在售,普通住宅,10000,
石家庄,中节能健康城,/loupan/p_zjnjkcaanht/,北斗西路与翠屏大街交汇处北行100米路西,,,在售,普通住宅,7200,
石家庄,新合作城市广场,/loupan/p_xhzcsgcaantr/,合作路与泰华街交汇处西南角,,,在售,商业类,12000,
石家庄,益圣大厦,/loupan/p_ysdsaaxxq/,和平西路与北新街交汇处北行200米路西,,,在售,商业类,11400,
石家庄,星河盛世城,/loupan/p_xhsscaaooc/,建华北大街与中山东路交汇处北行300米路西,5居/4居,建面 275~348m²,在售,普通住宅,15500,
石家庄,奥北公元,/loupan/p_abgyaanmm/,建华北大街与丰收路交汇处东行50米路南,5居/3居,建面 133~313m²,在售,普通住宅,16500,
石家庄,上起澜湾,/loupan/p_sqlwaanre/,红旗大街与南三环交汇处西行300米路西,3居/2居,建面 100~126m²,在售,普通住宅,9100,
石家庄,中储广场,/loupan/p_zcgcaaqoa/,中华北大街与柏林南路交汇处南行400米路西,,,在售,商业类,10000,
石家庄,想象国际,/loupan/p_xxgjaanri/,珠峰大街和珠江大道(槐安路)交汇处东北角,3居,建面 126m²,在售,普通住宅,11800,
石家庄,金指数国际广场,/loupan/p_jzsgjgcaaxfd/,中华北大街与新华路交汇处东行500米路南,,,在售,商业类,11000,
石家庄,勒泰中心,/loupan/p_ltzxaatvf/,勒泰中心,,,在售,商业类,23000,
石家庄,未来时间,/loupan/p_wlsjaapaw/,中山西路与中华北大街交汇处西北角，世纪大酒店西邻,,,在售,商业类,14000,
石家庄,大尚华庭,/loupan/p_dshtaasiz/,寺家庄镇繁荣街5号,3居,建面 103~121m²,在售,普通住宅,9300,
石家庄,利嘉中心,/loupan/p_ljzxaaxfl/,民族路106号,,,在售,商业类,15500,
石家庄,雍和慢城,/loupan/p_yhmcaanoq/,西三庄大街与联盟路交口南行500米路西,4居/3居,建面 142~188m²,在售,普通住宅,16000,
石家庄,天洲视界城,/loupan/p_tzsjcaaomr/,北二环东路与十里铺西街交汇处北行500米路西,,,在售,普通住宅,13000,
石家庄,石家庄乐城国际贸易城,/loupan/p_sjzycgjmycaaxfa/,京港澳高速以东、石津干渠以北、石黄高速以南、太行大街以西,,,在售,商业类,9000,
石家庄,天洲铂悦,/loupan/p_tzbyaaoly/,荷园路55号,4居,建面 177m²,在售,普通住宅,14500,
石家庄,峰汇公馆,/loupan/p_fhggaaxrp/,珠峰大街与中山路交叉口南行30米,,,在售,商业类,9000,
石家庄,中冶德贤公馆,/loupan/p_zydxggaawch/,建华大街与塔南路交口,,,在售,普通住宅,,
石家庄,十里逸墅,/loupan/p_slysaatmk/,胜利南大街与南三环交汇处西南角（石南路108号）,3居,建面 165~217m²,在售,普通住宅,,
北京,恒大华府,/loupan/p_hdhfaalqa/,东坝中街与单店北街交汇处西北侧,5居/4居,建面 271~338m²,在售,普通住宅,105000,
北京,霞公府,/loupan/p_xgfaaaxz/,北京饭店北侧，霞公府街,7居/5居/4居/3居,建面 351~591m²,在售,普通住宅,137000,
北京,润枫领尚,/loupan/p_rflsaadea/,嘉创二路与兴光二街路口西南角,4居/3居,建面 89~175m²,在售,普通住宅,60000,
北京,东亚五环国际,/loupan/p_dywhgjaahpe/,大兴区旧桥路25号院,3居/2居,建面 91~123m²,在售,商业类,39800,
北京,远洋新天地,/loupan/p_yyxtdaaebf/,长安街西延线与滨河路南延交汇处（东南侧）,,,在售,商业类,48000,
北京,鸿坤林语墅,/loupan/p_hklysaahsq/,4号线西红门站往东800米,4居,建面 430~510m²,在售,别墅,85000,
北京,天润福熙大道,/loupan/p_trfxddaaaly/,北五环红军营东路轻轨13号线北苑站北200米,4居/3居,建面 219~251m²,在售,普通住宅,87000,
北京,亿城燕西华府,/loupan/p_ycyxhfaawyk/,王佐镇青龙湖公园东1500米,3居,建面 118~135m²,在售,普通住宅,,700
北京,永定河孔雀城空港壹号,/loupan/p_ydhkqckgyhaatog/,大兴野生动物园向南3公里，永定河大桥南侧即是,2居,建面 75~80m²,在售,普通住宅,22500,
北京,中昂时代广场,/loupan/p_zasdgcaakxd/,门头沟路9号（区政府对面）,,,在售,商业类,50000,
北京,山水文园五期,/loupan/p_sswyaamyo/,弘燕路（东三环）山水文园东园,8居/7居/6居/5居/4居,建面 281~852m²,在售,普通住宅,100000,
北京,恒大未来城,/loupan/p_hdwlcaakwh/,新源大街地铁4号线义和庄站北200米,,,在售,商业类,55000,
北京,永定河孔雀城英国宫,/loupan/p_aallh/,大兴野生动物园向南3公里，106国道路东,3居/2居/1居,建面 66~123m²,在售,普通住宅,20000,
北京,荣盛阿尔卡迪亚香河花语城,/loupan/p_rsaekdyxhhycaaqaw/,大香线与蒋北路交口,3居/2居,建面 77~95m²,在售,普通住宅,18000,
北京,时代峰景,/loupan/p_klggaapzv/,下朱庄街京津公路东侧,,,在售,商业类,10500,
北京,东澳广场,/loupan/p_dagcaaxbh/,下朱庄街京津公路东侧,,,在售,商业类,8500,
北京,望景广场,/loupan/p_wjgcaaxuy/,广阳区和平路与北环路交汇处西南角,,,在售,商业类,13000,
北京,麒麟公馆,/loupan/p_qlggaaxbe/,福源道与翠亨路交口,2居/1居,建面 41~89m²,在售,商业类,13000,
北京,首尔甜城MOBO公寓,/loupan/p_setcmgyaayjt/,东燕郊开发区燕顺路(815总站北侧500米),,,在售,商业类,,175
北京,一渡新新小镇,/loupan/p_ydxxxzaawog/,世界地质公园4A级风景区十渡一渡,4居/3居,建面 150~200m²,在售,别墅,,410
北京,首创天禧,/loupan/p_sctxaaaoj/,东三环京广桥东北角（CCTV正北50米）,4居/3居,建面 377~388m²,在售,普通住宅,,8500
北京,棕榈滩金棕榈,/loupan/p_zltaagpl/,温榆河畔(机场杨林路口右转1公里),8居,建面 704~1402m²,在售,别墅,,8950
北京,V7九间堂,/loupan/p_vjtaaqwd/,京哈高速北侧(耿庄桥出口),8居/4居,建面 220~421m²,在售,别墅,,2300
北京,骏豪中央公园广场 阿玛尼城市公寓,/loupan/p_jhzygygcaadfr/,朝阳公园南门 棕榈泉西侧,5居/4居,建面 322~555m²,在售,普通住宅,,6175
北京,九章别墅,/loupan/p_jzbsaagkl/,东苇路3号,7居/5居/4居,建面 1245~1825m²,在售,别墅,,8800
北京,蓝光星华海悦城,/loupan/p_lgxhhycaaxck/,良乡卫星城苏庄村西侧,,,在售,商业类,,300
北京,格拉斯小镇,/loupan/p_glsxzaacnu/,宋庄镇葛渠村南,6居/5居/3居,建面 439~805m²,在售,别墅,,6500
北京,北京华贸城,/loupan/p_bjhmcaalqb/,北苑城铁站北300米路西,5居/4居,建面 108~340m²,在售,别墅,,2250
北京,北京红廷别墅,/loupan/p_bjhtbsaacps/,东北五环南影路，中国电影博物馆东北角,4居,建面 620m²,在售,别墅,,5300
北京,凯德锦绣,/loupan/p_kdjxaadrx/,东四环慈云寺桥东北角,6居/4居,建面 202~242m²,在售,普通住宅,,2000
北京,合景映月台,/loupan/p_hjyytaaqol/,安宁庄西路与小营西路交汇处西南侧,4居,建面 182~290m²,在售,别墅,,2750
北京,鲁能7号别墅,/loupan/p_ln7hbsaaelx/,顺恒大街东段北侧,6居,建面 315~458m²,在售,别墅,,1725
北京,远洋天著春秋,/loupan/p_yytzcqaalmw/,八大处公园西南800米,4居/2居,建面 100~410m²,在售,别墅,,3600
北京,凯德麓语,/loupan/p_kdlyaagsk/,兴寿镇京承高速G11出口向西怀昌路北侧,8居/7居/6居,建面 510~745m²,在售,别墅,,2400
北京,领秀翡翠山,/loupan/p_lxfcsaadcs/,王佐镇长青路南侧,4居/3居,建面 147~226m²,在售,普通住宅,,929
北京,水色时光四区,/loupan/p_sssgsqaaxfx/,水色时光四区,4居,建面 253~272m²,在售,别墅,,680
北京,鲁能钓鱼台美高梅公馆,/loupan/p_lndytmgmggaaxkq/,南苑乡石榴庄(地铁宋家庄站D出口西150米),,,在售,别墅,,6000
北京,长城脚下饮马川,/loupan/p_ccjxymcaaxgm/,古北水镇古北口检查站东,,,在售,普通住宅,,
北京,合景映月台,/loupan/p_hjyytaacos/,安宁庄西路与小营西路交汇处西南侧,2居,建面 210~240m²,在售,普通住宅,,1450
北京,远洋天著三期,/loupan/p_aajvq/,芳林路4号院,4居/3居,建面 333~424m²,在售,别墅,,2350
北京,远洋天著三期,/loupan/p_aajvq/,芳林路4号院,4居/3居,建面 333~424m²,在售,别墅,,2350
武汉,碧桂园泰富城,/loupan/p_bgytfcaatda/,沌口三环线与江城大道交界处（永旺旁）,,,在售,商业类,14500,
武汉,吾行里,/loupan/p_whlaaurx/,和平大道与建设二路交汇处(众圆广场斜对面),,,在售,商业类,12500,
武汉,花样年幸福万象,/loupan/p_hynxfwxaapsf/,地铁4号线仁和路站D出口,1居,建面 36~68m²,在售,商业类,12500,
武汉,金地澜菲溪岸,/loupan/p_jdlfxaaadhw/,汉阳区四新国际都会新城,3居,建面 93~96m²,在售,普通住宅,12500,
武汉,鼎盛华城,/loupan/p_dshcaamoq/,兴业路167号,4居,建面 156~167m²,在售,普通住宅,16500,
武汉,光谷汇景,/loupan/p_gghjaasvc/,雄楚大道与珞新路交汇处（距枫林上城站约500米）,1居,建面 63m²,在售,普通住宅,18000,
武汉,福星惠誉红桥城,/loupan/p_fxhyhqcaavac/,解放大道福星惠誉红桥城（轻轨新荣站旁）,,,在售,商业类,12500,
武汉,金地艺境,/loupan/p_jdyjaapzj/,高新四路与康魅路交汇处,3居,建面 215~220m²,在售,别墅,21000,
武汉,华润翡翠城,/loupan/p_hrfccaaptc/,古田二路华润翡翠城,,,在售,普通住宅,12500,
武汉,世茂林屿岸,/loupan/p_smlyaaatcq/,文化大道332号,3居,建面 163~187m²,在售,别墅,20500,
武汉,越秀星汇君泊越天地,/loupan/p_yxxhjbytdaawlr/,塔子湖东路越秀星汇君泊越天地（塔子湖东路与健美路交汇处，塔子湖体育中心旁）,,,在售,商业类,15500,
武汉,海伦小镇,/loupan/p_hlxzaaugj/,军山街小军村,4居/2居,建面 81~214m²,在售,别墅,,170
武汉,海伦广场,/loupan/p_hlgcaavgi/,文化大道和红旗街交汇处,,,在售,商业类,13000,
武汉,金地京汉1903,/loupan/p_jdjh1903aaeys/,京汉大道853号,5居,建面 190~250m²,在售,普通住宅,39000,
武汉,新长江京华国际,/loupan/p_xcjjhgjaavys/,姑嫂树路和兴业路交界处（南国北都对面）,,,在售,商业类,16000,
武汉,洺悦府,/loupan/p_myfaawse/,解放大道与古田五路交汇处,3居,建面 137m²,在售,普通住宅,19500,
武汉,融园国际,/loupan/p_rygjaaxqk/,五环大道416号,,,在售,商业类,8300,
武汉,福星惠誉青城华府,/loupan/p_fxhyqchfaawzx/,友谊大道与工业大道的交汇处,,,在售,商业类,7000,
武汉,阳逻财富广场,/loupan/p_ylcfgcaaczp/,阳逻江北快速路与风情大道交汇处,,,在售,商业类,5800,
武汉,瀚华天地,/loupan/p_hhtdaaxwd/,新洲阳逻经济开发区管委会对面余泊路南,,,在售,商业类,8500,
武汉,海伦小镇,/loupan/p_hlxzaahtq/,军山街小军村,4居/3居/2居,建面 78~214m²,在售,普通住宅,6500,
武汉,金地自在城,/loupan/p_jdzzcaawxs/,团结大道地铁4号线仁和路出口处,,,在售,商业类,12000,
武汉,金地雄楚一号,/loupan/p_jdxcyhaaxbz/,武汉工程大学正对面,,,在售,商业类,16000,
武汉,天宇万象国际,/loupan/p_tywxgjaaycg/,古田二路与长升路交汇处,,,在售,商业类,15000,
武汉,中交江锦湾,/loupan/p_zjjjwaaxso/,红钢二街（武汉市49中高中部旁）,,,在售,商业类,9000,
武汉,都会轩,/loupan/p_dhxaadlj/,京汉大道都会轩,6居,建面 368~403m²,在售,普通住宅,,990
武汉,F天下,/loupan/p_ftxaaryz/,巨龙大道196号,,,在售,别墅,,720
武汉,金地澜菲溪岸三期,/loupan/p_jdlfxasqaavju/,江城大道与中环线交汇处,5居/4居/3居,建面 200~255m²,在售,别墅,,400
青岛,福瀛天麓湖,/loupan/p_fytlhdtaadje/,长江东路439号,4居/3居/2居/1居,建面 65~204m²,在售,普通住宅,16800,
青岛,康大山语海,/loupan/p_kdsyhaabgg/,唐岛湾朝阳路211号,4居,建面 160~246m²,在售,普通住宅,11000,
青岛,万科未来城,/loupan/p_wkwlcaashc/,四流南路与开封路交界口,4居/3居,建面 105~141m²,在售,普通住宅,16000,
青岛,青建悦廷,/loupan/p_qjytaaraz/,崂山路65号,4居/3居/2居,建面 165~378m²,在售,普通住宅,23000,
青岛,新城香溢紫郡,/loupan/p_xcxyzjaaiqb/,宾川路76号，汉川路792号,4居/3居,建面 90~140m²,在售,普通住宅,14500,
青岛,青岛印象湾,/loupan/p_qdyxwaaeen/,文昌路697号,3居/2居,建面 76~126m²,在售,普通住宅,10400,
青岛,大溪谷,/loupan/p_aakbt/,高山路1997号（小珠山大溪谷景区内）,6居/5居/2居,建面 83~500m²,在售,别墅,16000,
青岛,天一仁和智慧之城,/loupan/p_tyrhzhzcaaesx/,王沙路1373号,2居,建面 76~91m²,在售,普通住宅,7000,
青岛,华融蓝海洋望海,/loupan/p_hrlhywhaadyh/,海岸路2号辛,3居,建面 104~119m²,在售,普通住宅,16400,
青岛,蔚蓝创新天地,/loupan/p_wlcxtdaaqxk/,荟城路506号,3居/2居,建面 83~109m²,在售,普通住宅,7000,
青岛,绿岛印象欣苑,/loupan/p_ldyxxyaabad/,太行山一支路6号,3居/2居,建面 91~117m²,在售,普通住宅,8800,
青岛,中联依山伴城,/loupan/p_aajmb/,新宏路11号,3居/2居,建面 85~105m²,在售,普通住宅,15500,
青岛,卓越蔚蓝群岛,/loupan/p_zywlqdyxaaggu/,双元路18号(双元路南段白沙河入海口处),4居/3居/2居,建面 72~129m²,在售,普通住宅,8800,
青岛,盛世福邸,/loupan/p_aaiwh/,五台山路1693号 医疗中心西,3居/2居/1居,建面 63~120m²,在售,普通住宅,10000,
青岛,卓越皇后道千山外,/loupan/p_zyhhdqswaaupq/,世园大道与汉川路交界处,3居,建面 115~144m²,在售,普通住宅,17000,
青岛,金茂湾,/loupan/p_jmwaaduy/,四川路25号,3居/2居,建面 86~141m²,在售,普通住宅,19000,
青岛,远洋公馆,/loupan/p_yyggaaxnc/,燕儿岛路23号,4居/1居,建面 73~339m²,在售,商业类,26000,
青岛,万丽海景,/loupan/p_wlhjaayck/,东海西路1号,,,在售,商业类,50000,
青岛,鑫江玫瑰园,/loupan/p_xjmgyaarzp/,银河路666号,3居/2居,建面 75~120m²,在售,普通住宅,7200,
青岛,福根美林,/loupan/p_fgmlaalfl/,兴阳路16号,3居/2居/1居,建面 48~118m²,在售,普通住宅,8000,
青岛,康大山语海,/loupan/p_kdsyhaaxmo/,唐岛湾朝阳路211号,4居,建面 160~246m²,在售,别墅,13000,
青岛,青岛印象山,/loupan/p_aagfo/,劲松三路22号,3居/2居,建面 151~270m²,在售,普通住宅,32500,
青岛,青岛印象畔,/loupan/p_qdyxpaaqwv/,同安路以北、劲松五路以东,4居/3居/2居,建面 88~159m²,在售,普通住宅,27400,
青岛,青岛印象金沙滩,/loupan/p_qdyxjstyxaaxdn/,嘉陵江东路1号,5居/3居/2居/1居,建面 29~274m²,在售,别墅,16000,
青岛,青岛中海玫瑰庭院,/loupan/p_qdzhmgtyaatqt/,天水路18号、18号甲,6居/5居/2居,建面 87~340m²,在售,别墅,,500
青岛,康储文播世家,/loupan/p_kcwbsjaaxzj/,吴石路16号,3居/2居,建面 94~128m²,在售,普通住宅,22000,
青岛,悦澜诚品,/loupan/p_ylcpaaxll/,镇海路7号,,,在售,商业类,14800,
青岛,金秋泰和郡,/loupan/p_jqthjaaxnk/,玉虹路16号,3居/2居,建面 66~98m²,在售,普通住宅,8600,
青岛,中联自由港湾,/loupan/p_zlzygwaaxmn/,市北区新疆路8号,,,在售,商业类,13000,
青岛,深蓝中心,/loupan/p_aagin/,市南区东海西路11号,5居/3居,建面 260~460m²,在售,普通住宅,75000,
青岛,北大资源广场,/loupan/p_bdzygcaaxjy/,辽阳东路与深圳路交汇处,,,在售,商业类,18000,
青岛,康大御金湾,/loupan/p_kdyjwaaxmj/,滨海大道与朝阳路交汇处,4居/3居,建面 130~210m²,在售,别墅,24000,
青岛,海泉湾港中旅公馆,/loupan/p_hqwgzlggaaxgv/,鳌山卫镇泉海路1号,3居/2居,建面 85~125m²,在售,普通住宅,8500,
青岛,西海琪苑,/loupan/p_xhqyaayew/,珠江路93、94号(滨海大道与嘉陵江路交汇处北),3居/2居/1居,建面 82~114m²,在售,普通住宅,9000,
青岛,天泰蓝山,/loupan/p_ttlsaadnx/,温泉镇四舍山一路118号,4居,建面 220m²,在售,别墅,,
青岛,太平洋梦时代广场,/loupan/p_tpymsdgcaaxpj/,黄岛滨海大道2888号，积米崖港区,,,在售,商业类,10600,
青岛,麦迪绅澎湃岛,/loupan/p_mdsppdaaxkr/,兴港路13号,,,在售,商业类,11000,
青岛,索菲亚国际中心,/loupan/p_sfygjzxaayge/,庐山路2号,,,在售,商业类,20000,
青岛,康大御金湾,/loupan/p_kdyjwaarip/,滨海大道与朝阳路交汇处,4居/3居,建面 130~210m²,在售,普通住宅,14000,
青岛,都霖馨苑,/loupan/p_dlxyaayes/,瑞阳路78号,6居/5居/4居,建面 288~466m²,在售,别墅,16500,
青岛,都霖馨苑,/loupan/p_dlxyaayes/,瑞阳路78号,6居/5居/4居,建面 288~466m²,在售,别墅,16500,
青岛,天泰蓝山,/loupan/p_ttlsaadkb/,温泉镇四舍山一路118号,3居/2居,建面 90~124m²,在售,普通住宅,7200,
青岛,金秋泰和郡,/loupan/p_jqthjaagha/,玉虹路16号,6居/5居/4居/3居,建面 126~338m²,在售,别墅,15000,
重庆,国博城,/loupan/p_gbcaahmd/,悦来街道悦城路36号,5居/4居/3居/2居,套内 72~216m²,在售,普通住宅,7600,
重庆,蓝光林肯公园,/loupan/p_lglkgyaavig/,渝南分流道（金域学府旁）,4居/3居,套内 100~138m²,在售,普通住宅,9300,
重庆,富力湾,/loupan/p_flwaammk/,江东湖公园旁（农业园区上湾路和食品城大道汇合处）,7居/4居,套内 213~247m²,在售,别墅,,280
重庆,融创玖玺台,/loupan/p_rcjxtaahpw/,国际会展中心（凯宾斯基酒店旁）,4居/3居,套内 218~364m²,在售,普通住宅,30000,
重庆,巴南府邸,/loupan/p_bnfdaaclr/,鱼洞老街（老街公园旁）,3居/2居/1居,套内 57~129m²,在售,普通住宅,5000,
重庆,华宇温莎小镇,/loupan/p_hywsxzaaudo/,轨道1号线双碑站旁（双碑夜市北侧）,,,在售,商业类,7300,
重庆,中亿阳明山水,/loupan/p_aaczn/,海尔路179号（江北区政府对面）,3居/2居/1居,套内 68~116m²,在售,普通住宅,13000,
重庆,远洋城,/loupan/p_yycaared/,石桥铺石小路（高庙村地铁站旁）,3居/2居,套内 68~103m²,在售,普通住宅,9800,
重庆,富力湾,/loupan/p_flwaareo/,江东湖公园旁（农业园区上湾路和食品城大道汇合处）,5居/4居,套内 135~146m²,在售,普通住宅,7800,
重庆,融创白象街,/loupan/p_rcbxjaacju/,解放路与凯旋路交汇处（西部药材商城旁药材公会）,6居/5居/4居,套内 215~605m²,在售,普通住宅,25000,
重庆,绿地海外滩,/loupan/p_ldhwtaacge/,鸿恩寺公园大门处（往北滨路下行800米处）,4居/3居,套内 110~269m²,在售,普通住宅,9300,
重庆,建工依山郡,/loupan/p_jgysjaabpc/,照母山板块金州大道西侧（重光立交旁）,1居,套内 53m²,在售,普通住宅,9200,
重庆,万科西九,/loupan/p_wkxjaapft/,杨家坪石杨路（西郊医院西行200米）,2居/1居,套内 54~81m²,在售,普通住宅,9700,
重庆,华宇锦绣花城,/loupan/p_hyjxhcaacbe/,华岩新城华福大道,3居/2居,套内 80~98m²,在售,普通住宅,7000,
重庆,融汇温泉城童话里,/loupan/p_rhwqcthlaacmo/,梨树湾天梨路口（融汇温泉旁）,3居/2居,套内 67~110m²,在售,普通住宅,8600,
重庆,协信公馆,/loupan/p_xxggaabsl/,胜利路132号(黄花园大桥南桥头),4居/3居/1居,套内 107~208m²,在售,普通住宅,20000,
重庆,协信星都会,/loupan/p_xxxdhaadax/,金山大道203号（重光立交旁）,2居,套内 74m²,在售,普通住宅,8550,
重庆,大鼎湖滨丽景,/loupan/p_ddhbljaamkz/,果塘路2号（果塘湖公园西侧、常青藤人文别墅旁）,2居/1居,套内 65~83m²,在售,普通住宅,7500,
重庆,和泓江山国际,/loupan/p_hhjsgjaacoe/,肖家湾公交车站旁（大坪医院往两路口方向的肖家湾车站）,3居/2居,套内 88~126m²,在售,普通住宅,16000,
重庆,国奥村时光漫,/loupan/p_gacaacck/,北滨路国奥片区(原江北农场),3居/2居,套内 83~122m²,在售,普通住宅,8000,
重庆,协信春山台,/loupan/p_xxcstaadad/,金开大道金州大道交汇处(天来酒店旁),3居/2居/1居,套内 75~134m²,在售,普通住宅,11500,
重庆,华宇天宫花城,/loupan/p_hytghcaammn/,龙头寺北广场天瑞路（中央美地旁）,3居/2居,套内 126~195m²,在售,普通住宅,13500,
重庆,联发瞰青,/loupan/p_lfkqyxaadhu/,金开大道1666号（轻轨3号线翠云站旁）,3居/2居,套内 99~150m²,在售,普通住宅,6800,
重庆,协信城立方,/loupan/p_xxclfaahqs/,大学城东路9号(重庆科技学院前100米),3居/2居/1居,套内 65~112m²,在售,普通住宅,7000,
重庆,雅居乐御宾府,/loupan/p_yjyybfaadkx/,双山路与迎宾大道交界处（双山公园旁）,4居/3居,套内 85~170m²,在售,普通住宅,8000,
重庆,新鸥鹏教育城巴南,/loupan/p_xopjycbnaamha/,金竹工业园纵一线（金竹轻轨站旁）,3居/2居,套内 73~107m²,在售,普通住宅,4800,
重庆,方兴盘龙金茂悦,/loupan/p_fxpljmyaaakg/,石坪桥盘龙正街中段(蟠龙小学旁),3居/2居/1居,套内 58~94m²,在售,普通住宅,9200,
重庆,联发欣悦,/loupan/p_lfxyaamcj/,火炬一路（2号线大堰村站旁）,3居/2居,套内 65~85m²,在售,普通住宅,7400,
重庆,融汇半岛水晶公馆,/loupan/p_rhbdsjggaasck/,巴滨路融汇半岛段,3居/2居,套内 82~108m²,在售,普通住宅,6900,
重庆,康桥融府,/loupan/p_kqrfaarks/,金开大道蓝湖大社区金山医院附近（重庆一中国际部旁）,5居/4居,套内 123~146m²,在售,别墅,9500,
重庆,康田蔚蓝海,/loupan/p_ktwlhaabre/,金州大道与肖家沟西支路交汇处（照母山森林公园北部附近）,3居/2居,套内 81~131m²,在售,普通住宅,9800,
重庆,嘉悦江庭,/loupan/p_jyjtaacrx/,悦来会展大桥桥头（悦来立交下道口往国博方向）,4居/3居/2居,套内 82~189m²,在售,普通住宅,8500,
重庆,华宇阳光尚座,/loupan/p_hyygszaacea/,石坪桥龙泉路18号(重庆公路运输汽车公司附近）,3居,套内 71~92m²,在售,普通住宅,8200,
重庆,华宇时代星都,/loupan/p_hysdxdaaccz/,石桥铺白马支路（原城建校）,2居,套内 84~87m²,在售,普通住宅,9800,
重庆,旭辉城,/loupan/p_xhcaabmh/,渝南大道轻轨3号线大山村站（区政府旁）,3居/2居,套内 47~106m²,在售,普通住宅,6700,
重庆,典雅花溪半岛,/loupan/p_dyhxbdaacoq/,李家沱王家坝路（理工大学旁）,3居,套内 78~97m²,在售,普通住宅,6000,
重庆,华宇龙湾,/loupan/p_hylwaarax/,龙洲湾巴滨路（巴南新区府附近）,4居/3居/2居/1居,套内 47~132m²,在售,普通住宅,5700,
重庆,创远十里缇香,/loupan/p_cysltxaadou/,渝南大道103号（蓝光十里蓝山旁）,3居,套内 79~117m²,在售,普通住宅,6200,
重庆,融科金色时代,/loupan/p_rkjssdaahqb/,渝南分流道中段（巴文化公园旁）,3居/2居,套内 70~128m²,在售,普通住宅,7350,
重庆,越昕晖,/loupan/p_yxhaamor/,李家沱融汇大道（融汇小学旁）,3居/2居,套内 56~89m²,在售,普通住宅,6500,
重庆,东原九城时光,/loupan/p_dyjcsgaabvy/,劳动一村59号(万象城旁),,,在售,普通住宅,11600,
重庆,奥园水云间,/loupan/p_aysyjaacfn/,茶园广福大道延伸段（轻轨6号线长生桥站）,4居/3居,套内 105~141m²,在售,普通住宅,11000,
重庆,南滨特区,/loupan/p_nbtqaacyy/,南滨路(珊瑚水岸旁),3居/2居,套内 148~224m²,在售,普通住宅,15333,
重庆,国盛三千城,/loupan/p_gssqcaaceh/,磁器口（磁器口地铁站旁）,3居/2居/1居,套内 66~96m²,在售,普通住宅,8300,
重庆,贝蒙天地,/loupan/p_bmtdaabmg/,大学城景阳路26号（重庆第三军医大旁）,3居/2居,套内 92~94m²,在售,普通住宅,6500,
重庆,金科空港城,/loupan/p_jkkgcaacon/,观月大道与宏碁大道之间（观月小区695公交车站以西1000米处）,3居/2居,套内 65~92m²,在售,普通住宅,7300,
重庆,万科悦湾,/loupan/p_wkywaadsi/,宏帆路佰富高尔夫旁（双碑大桥桥头）,3居/2居,套内 76~99m²,在售,普通住宅,12250,
重庆,奥园城市天地,/loupan/p_aycstdaabyz/,茶园新区府旁(6/8号线轻轨站旁),4居/3居,套内 101~121m²,在售,普通住宅,11000,
重庆,东原星樾,/loupan/p_dyxyaacbv/,新牌坊星光大道北延段（照母山植物园旁）,3居/2居,套内 56~94m²,在售,普通住宅,9700,
重庆,万友四季缤纷,/loupan/p_wysjbfaamhd/,龙洲湾（轨道3号线大山村站）,1居,套内 45m²,在售,普通住宅,4600,
重庆,绿地城,/loupan/p_ldcaaciu/,轻轨2号线绿地城白居寺站旁,3居/2居/1居,套内 59~97m²,在售,普通住宅,6350,
重庆,融创滨江壹号,/loupan/p_rcbjyhaatvz/,沙滨路石井坡地铁站旁,3居/2居/1居,套内 64~144m²,在售,普通住宅,10000,
重庆,金科天元道,/loupan/p_jktydaatmb/,大竹林金开大道西,4居/3居/2居,套内 92~148m²,在售,普通住宅,9900,
重庆,融创欧麓花园城剑桥郡,/loupan/p_rcolhycjqjaahrb/,江南新城（南岸区府向南车行5分钟）,2居/1居,套内 57~87m²,在售,普通住宅,6800,
重庆,金科中央御院,/loupan/p_jkzyyyaault/,米兰大道320米处（雷家桥水库旁）,2居,套内 70~95m²,在售,普通住宅,6600,
重庆,万科金色悦城,/loupan/p_wkjsycaatny/,沙坪坝区风鸣山300号,,,在售,商业类,8000,
重庆,重庆万达文化旅游城,/loupan/p_cqwdwhlycaaxnm/,西永轨道一号线（微电园站旁）,1居,套内 39m²,在售,商业类,7000,
重庆,万科金域学府,/loupan/p_wkjyxfaadqr/,渝南分流道六公里下路口（美缇雅城车站前行300米）,4居/3居/2居/1居,套内 55~127m²,在售,普通住宅,10000,
重庆,融创凡尔赛领馆,/loupan/p_rcfeslgaahqy/,星光大道延长线旁（照母山植物园旁）,3居/2居,套内 80~113m²,在售,普通住宅,9100,
重庆,融创凡尔赛花园,/loupan/p_rcfeshyaaemf/,照母山植物园旁（星光大道延长线旁）,3居/2居,套内 80~136m²,在售,普通住宅,10500,
重庆,恒美公园1号,/loupan/p_hmgyaaqxu/,北部新区湖津路100号（金山医院旁）,3居,套内 117m²,在售,普通住宅,9600,
重庆,金科星辰,/loupan/p_jkxcaavfa/,巴国城西迎宾大道南段(新世界石材市场旁),3居/2居,套内 75~110m²,在售,普通住宅,7700,
重庆,中昂嘉御湾,/loupan/p_zajywaatlq/,石井坡地铁站旁（中心湾转盘）,3居/2居,套内 77~119m²,在售,普通住宅,8600,
重庆,力帆翡翠郡,/loupan/p_lffcjaaddz/,同康路（蔡家轻轨站旁）,4居/3居/2居,套内 65~146m²,在售,普通住宅,5000,
重庆,中安长岛 ,/loupan/p_zacdaamnc/,童家溪镇同兴北路99号(三溪口翡翠湖旁),8居/7居/4居,套内 315~521m²,在售,别墅,,356
重庆,金易E世界,/loupan/p_jyesjaairx/,龙山街道百灵路1号（sm广场对面）,2居/1居,套内 50~77m²,在售,普通住宅,9800,
重庆,佳兆业滨江新城,/loupan/p_jzybjxcaacgn/,建桥工业园A区,3居/2居,套内 63~104m²,在售,普通住宅,6800,
重庆,上邦高尔夫国际社区,/loupan/p_sbgefgjsqaahqn/,白市驿上邦路5号(海兰云天旁),,,在售,别墅,,100
重庆,芸峰兰亭,/loupan/p_yfltaacuj/,渝南大道岔路口（巴南海宁皮草城旁）,5居/3居/2居,套内 74~136m²,在售,普通住宅,5650,
重庆,招商锦星汇,/loupan/p_zsjxhaamhn/,渝澳大道（奔驰4S店旁）,3居/1居,套内 39~78m²,在售,普通住宅,14500,
重庆,中交漫山,/loupan/p_zjmsaauqe/,茶园新区天文大道花街(茶园新区管委会西行300米),2居,套内 64~90m²,在售,普通住宅,6500,
重庆,万科御澜道,/loupan/p_wkyldaaczo/,新溉大道与北滨二路交汇处(鲁能巴蜀中学下行300米),6居/5居/4居/3居/2居,套内 94~211m²,在售,普通住宅,17000,
重庆,富邦金玖,/loupan/p_fbjjaatoq/,石桥铺街道长新路1号,,,在售,商业类,10000,
重庆,港城印象,/loupan/p_gcyxaaity/,五里店海尔路港城工业园港城南路20号,3居/2居/1居,套内 52~85m²,在售,普通住宅,6400,
重庆,渝开发格莱美城,/loupan/p_ykfglmcaafwk/,西永赖家桥轻轨站旁,2居/1居,套内 67~81m²,在售,普通住宅,6596,
重庆,中昂锦绣,/loupan/p_zajxaacau/,江南新城轻轨2、3号鱼洞站旁（巴南体育中心对面）,3居/2居/1居,套内 64~90m²,在售,普通住宅,3800,
重庆,光华安纳溪湖,/loupan/p_ghanxhaargz/,茶园米兰路中段（茶花小镇旁）,4居/3居,套内 130~163m²,在售,别墅,10000,
重庆,爱情谷,/loupan/p_aqgaabyj/,静观镇静山路43号（原乡村嘉年华）,3居/2居,套内 79~88m²,在售,普通住宅,4500,
重庆,金科城,/loupan/p_jkcaatav/,嘉悦大桥旁,5居/4居/2居,套内 123~186m²,在售,别墅,10000,
重庆,协信星澜汇,/loupan/p_xxxlhaatct/,龙州大道起点（渝南大道与箭河路交界处）,4居/3居/2居,套内 72~129m²,在售,普通住宅,,70
重庆,华宇星云汇星领地,/loupan/p_hyxyhxldaatnn/,杨梨路19号（杨公桥立交旁）,,,在售,商业类,8000,
重庆,珊瑚水岸二期,/loupan/p_shsaeqaamas/,南滨路28号(南滨国际旁),4居,套内 378m²,在售,普通住宅,12000,
重庆,国瑞爱与山,/loupan/p_graysaairq/,双山公园双园路（巴国城旁）,5居/4居/3居/2居/1居,套内 58~185m²,在售,普通住宅,9000,
重庆,北京城建龙樾湾,/loupan/p_bjcjlywaatmd/,华福大道锦鸿路8号,4居/3居,套内 108~143m²,在售,普通住宅,7448,
重庆,旅文中央大街,/loupan/p_lwzydjaaqkm/,云霞路188号（地铁6号线蔡家站旁）,5居/3居/2居,套内 87~184m²,在售,普通住宅,4700,
重庆,瑞安翠湖天地,/loupan/p_rachtdaatop/,化龙桥永嘉路45号（企业天地旁）,,,在售,商业类,11000,
重庆,志龙观江嶺,/loupan/p_zlgjlaaref/,杨九路（杨家坪至黄桷坪中段）,3居/2居,套内 71~80m²,在售,普通住宅,7450,
重庆,鹅岭峰,/loupan/p_cdlelfaadle/,鹅岭正街58、59号（鹅岭公园旁）,,,在售,普通住宅,40000,
重庆,龙湖紫云台,/loupan/p_lhzytaadag/,新城（区政府向南约3公里）,4居/3居/2居,套内 74~142m²,在售,普通住宅,6600,
重庆,和记黄埔御峰,/loupan/p_hjhpyfaatvw/,烟雨路江南体育馆旁（原罗家坝段）,,,在售,商业类,9800,
重庆,阳光100喜马拉雅,/loupan/p_yg100xmlyaadif/,南滨路两江汇(钟楼广场),3居/2居/1居,套内 56~203m²,在售,普通住宅,40000,
重庆,法蓝西莊邸蓝铂湾,/loupan/p_flxdlbwaatdi/,米兰大道（内环高速在茶园下道第二个红绿灯前行150米）,3居/2居,套内 86~123m²,在售,普通住宅,8000,
重庆,书香溪墅,/loupan/p_sxxsaamcn/,大学城南二路（绕城曾家站旁）,2居,套内 73~84m²,在售,普通住宅,6600,
重庆,国美江天御府,/loupan/p_gmjtyfaasgk/,北滨路嘉华大桥北桥头,3居,套内 103~132m²,在售,普通住宅,15000,
重庆,桃源居国际花园,/loupan/p_tyjgjsqaadnw/,桃源大道100号（双凤立交桥东）,4居/3居/2居,套内 53~139m²,在售,普通住宅,7500,
重庆,梵悦天御,/loupan/p_fytyaawhq/,江北区北滨二路（星耀天地碧会所）,4居/3居,套内 192~282m²,在售,普通住宅,31000,
重庆,蓝光帕提欧,/loupan/p_lgptoaatsp/,福民路（朝天门大桥南桥头）,5居/4居/3居/2居,套内 101~173m²,在售,普通住宅,10000,
重庆,华润中心万象里,/loupan/p_hrzxwxlaatco/,谢家湾正街（华润谢家湾小学旁）,,,在售,商业类,13500,
重庆,渝能嘉湾壹号,/loupan/p_ynjwyhaadsc/,蔡家同康路（马鞍石大桥北桥头）,4居/3居,套内 117~175m²,在售,别墅,12000,
重庆,中铁北美时光,/loupan/p_ztbmsgaaxep/,茶园新区丁香路11号（珊瑚中铁小学旁）,3居/2居,套内 113~151m²,在售,普通住宅,8000,
重庆,汇景铂庭,/loupan/p_hjbtaaxos/,工人村16号（体育馆旁）,3居/1居,套内 51~86m²,在售,普通住宅,9100,
重庆,招商依云江湾,/loupan/p_zsyyjwaayez/,巴滨路777号(马桑溪大桥旁),4居,套内 105m²,在售,普通住宅,7500,
重庆,渝能嘉湾壹号,/loupan/p_ynjwyhaadhg/,蔡家同康路（马鞍石大桥北桥头）,3居/2居,套内 70~100m²,在售,普通住宅,6222,
重庆,和记黄埔玥湖园,/loupan/p_aaivl/,金州大道中段玥湖园1号（重光立交旁）,5居/4居/3居/2居,套内 96~224m²,在售,普通住宅,10500,
重庆,康桥融府,/loupan/p_kqrfaamlq/,金开大道蓝湖大社区金山医院附近（重庆一中国际部旁）,1居,套内 59m²,在售,普通住宅,9500,
重庆,华宇星云汇星领地,/loupan/p_hyxyhxldaammt/,杨梨路19号（杨公桥立交旁）,2居,套内 75~89m²,在售,普通住宅,9000,
重庆,招商雍华府,/loupan/p_zsyhfaaroz/,龙头寺轨3号线出口150米（麦德龙对面）,4居/2居,套内 64~165m²,在售,普通住宅,14000,
重庆,华宇温莎小镇,/loupan/p_hywsxzaahos/,轨道1号线双碑站旁（双碑夜市北侧）,3居/2居/1居,套内 58~88m²,在售,普通住宅,8300,
重庆,光华安纳溪湖,/loupan/p_ghanxhaamhh/,茶园米兰路中段（茶花小镇旁）,4居/3居,套内 82~97m²,在售,普通住宅,6600,
重庆,重庆万达文化旅游城,/loupan/p_cqwdwhlycaawho/,西永轨道一号线（微电园站旁）,3居/2居/1居,套内 39~102m²,在售,普通住宅,7600,
重庆,融汇半岛江上公馆,/loupan/p_rhbdjsggaamoa/,李家沱巴滨路融汇半岛段（融汇半岛旁）,3居/2居,套内 97~147m²,在售,普通住宅,6900,
重庆,金科天宸,/loupan/p_jktcaahlm/,西永商务中心区（地铁1号线微电园站旁）,5居/4居/3居/2居,套内 79~290m²,在售,普通住宅,8300,
重庆,金辉城江城上,/loupan/p_jhcjcsaamuu/,南滨路金辉段（铜滨公园旁）,5居,套内 183m²,在售,普通住宅,13000,
重庆,鲁能星城十三街区,/loupan/p_lnxcssjqaarcr/,渝鲁大道777号(渝鲁大道与泰山大道交汇处),,,在售,商业类,10000,
重庆,景瑞西联社,/loupan/p_jrxlsaatof/,杨家坪兴胜路（原艺校地块）,,,在售,商业类,11500,
重庆,奥园盘龙壹号,/loupan/p_ayplyhaayeu/,火炬大道（巴国城旁）,,,在售,商业类,8300,
重庆,万科西城,/loupan/p_wkxcaabzu/,石坪桥盘龙正街中段(蟠龙学校旁),3居/2居,套内 56~80m²,在售,普通住宅,9351,
重庆,大鼎湖滨印象,/loupan/p_ddhbyxaamct/,果塘路2号（常青藤人文别墅旁）,4居/3居,套内 170~202m²,在售,别墅,,200
重庆,融科橡树澜湾,/loupan/p_rkxslwaabze/,湖津路18号(轻轨3号线鸳鸯站旁),5居,套内 326m²,在售,别墅,,900
重庆,东原湖山樾,/loupan/p_dyhsyaahqr/,新牌坊星光大道北延线（照母山植物园旁）,6居/5居/3居,套内 162~748m²,在售,别墅,,200
重庆,逸翠庄园君玺,/loupan/p_yczyaarrh/,中央别墅区汽博中心湖云街8号(高尔夫球场旁),4居,套内 260~261m²,在售,别墅,,270
重庆,东海定南山,/loupan/p_dhdnsaabpe/,渝南大道115号(轻轨3号线花溪站旁)   ,5居/4居,套内 166~198m²,在售,别墅,,180
重庆,复地花屿城,/loupan/p_fdhycaamdo/,回兴街道服装城大道（黄桷坪体育公园旁）,6居/5居/4居/3居,套内 133~289m²,在售,别墅,,110
重庆,蓝光林肯公园,/loupan/p_lglkgyaavij/,渝南分流道（金域学府旁）,5居,套内 173~312m²,在售,别墅,,89
重庆,宝嘉花与山,/loupan/p_bjhysaamdc/,大学城西路 (重庆大学虎溪花园旁),4居/3居/2居/1居,套内 71~110m²,在售,普通住宅,,56
重庆,象屿两江御府,/loupan/p_xyljyfaaubo/,金开大道中段（颐和公园旁）,3居/2居,套内 226~251m²,在售,别墅,,230
重庆,东原嘉阅湾,/loupan/p_dyjywaadkh/,蔡家嘉悦大桥旁(蒋家坪旁),5居/4居/3居,套内 165~217m²,在售,别墅,,120
重庆,国盛园墅,/loupan/p_undefinedaaths/,西永西尊路188号(国盛绣美丰文旁),3居,套内 134m²,在售,别墅,,185
重庆,金科天宸,/loupan/p_jktcaatmo/,西永商务中心区（地铁1号线微电园站旁）,5居/4居,套内 150~290m²,在售,别墅,,
重庆,和记黄埔玥湖园,/loupan/p_aaivm/,金州大道中段玥湖园1号（重光立交旁）,5居/4居,套内 400~481m²,在售,别墅,,400
重庆,金茂墅,/loupan/p_jmsaatoc/,中央公园公园西路（公园西路与同茂大道交汇处）,4居,套内 115~220m²,在售,别墅,,180
重庆,翡翠御园,/loupan/p_aaivq/,南岸区南山街道南山路33号,7居/6居/5居,套内 160~254m²,在售,别墅,,320
重庆,招商雍华府,/loupan/p_zsyhfaawll/,龙头寺轨3号线出口150米（麦德龙对面）,6居/5居,套内 217~228m²,在售,别墅,,350
重庆,国博城,/loupan/p_gbcaahmb/,悦来街道悦城路36号,7居/6居,套内 277~375m²,在售,别墅,,450
重庆,金科中央御院,/loupan/p_jkzyyyaaszv/,米兰大道320米处（雷家桥水库旁）,4居,套内 200m²,在售,别墅,,125
重庆,金辉城御江府,/loupan/p_jhcyjfaayjf/,南滨路（金辉公园旁）,3居,套内 107~133m²,在售,普通住宅,,
重庆,融创玫瑰园,/loupan/p_rcmgyaahkb/,礼嘉嘉陵江畔（轨道九曲河站前行1公里）,7居/3居/2居/1居,套内 85~755m²,在售,别墅,,1200
